dataset_id,data,loja,produto,categoria,preco,promocao,estoque,temperatura_prevista,receita_final
VAREJO_05,2027-01-01,LOJA_01,PROD_01,alimentos,11.99,0,138,28.9,
VAREJO_05,2027-01-01,LOJA_01,PROD_02,alimentos,19.31,0,155,32.6,
VAREJO_05,2027-01-01,LOJA_01,PROD_03,bebidas,6.02,0,148,30.1,
VAREJO_05,2027-01-01,LOJA_01,PROD_04,bebidas,11.46,0,127,27.7,
VAREJO_05,2027-01-01,LOJA_01,PROD_05,higiene,29.03,0,176,30.9,
VAREJO_05,2027-01-01,LOJA_01,PROD_06,higiene,29.47,1,119,29.2,
VAREJO_05,2027-01-01,LOJA_01,PROD_07,limpeza,41.49,0,149,29.0,
VAREJO_05,2027-01-01,LOJA_01,PROD_08,limpeza,54.41,0,,,
VAREJO_05,2027-01-01,LOJA_01,PROD_09,utilidades,22.35,0,166,29.3,
VAREJO_05,2027-01-01,LOJA_01,PROD_10,utilidades,26.44,1,105,29.2,
VAREJO_05,2027-01-01,LOJA_02,PROD_01,alimentos,11.37,0,,28.8,
VAREJO_05,2027-01-01,LOJA_02,PROD_02,alimentos,18.83,,175,29.5,
VAREJO_05,2027-01-01,LOJA_02,PROD_03,bebidas,8.14,0,93,29.0,
VAREJO_05,2027-01-01,LOJA_02,PROD_04,bebidas,11.61,0,135,31.8,
VAREJO_05,2027-01-01,LOJA_02,PROD_05,higiene,28.26,0,119,29.6,
VAREJO_05,2027-01-01,LOJA_02,PROD_06,higiene,33.82,0,125,29.7,
VAREJO_05,2027-01-01,LOJA_02,PROD_07,limpeza,36.68,1,138,31.6,
VAREJO_05,2027-01-01,LOJA_02,PROD_08,limpeza,54.41,0,172,32.6,
VAREJO_05,2027-01-01,LOJA_02,PROD_09,utilidades,22.79,0,154,30.6,
VAREJO_05,2027-01-01,LOJA_02,PROD_10,utilidades,30.31,0,138,31.1,
VAREJO_05,2027-01-01,LOJA_03,PROD_01,alimentos,13.23,0,104,27.5,
VAREJO_05,2027-01-01,LOJA_03,PROD_02,alimentos,15.13,,108,31.9,
VAREJO_05,2027-01-01,LOJA_03,PROD_03,bebidas,7.03,0,119,,
VAREJO_05,2027-01-01,LOJA_03,PROD_04,bebidas,,1,90,31.5,
VAREJO_05,2027-01-01,LOJA_03,PROD_05,higiene,23.69,1,100,31.2,
VAREJO_05,2027-01-01,LOJA_03,PROD_06,higiene,34.86,0,135,33.4,
VAREJO_05,2027-01-01,LOJA_03,PROD_07,limpeza,35.2,1,153,33.6,
VAREJO_05,2027-01-01,LOJA_03,PROD_08,limpeza,54.89,0,123,31.4,
VAREJO_05,2027-01-01,LOJA_03,PROD_09,utilidades,21.49,0,166,30.5,
VAREJO_05,2027-01-01,LOJA_03,PROD_10,utilidades,30.89,0,155,30.0,
VAREJO_05,2027-01-01,LOJA_04,PROD_01,alimentos,11.73,0,168,30.9,
VAREJO_05,2027-01-01,LOJA_04,PROD_02,,17.64,0,96,31.4,
VAREJO_05,2027-01-01,LOJA_04,PROD_03,bebidas,6.36,0,179,31.5,
VAREJO_05,2027-01-01,LOJA_04,PROD_04,bebidas,10.12,0,136,31.4,
VAREJO_05,2027-01-01,LOJA_04,PROD_05,higiene,29.74,0,149,,
VAREJO_05,2027-01-01,LOJA_04,PROD_06,higiene,35.06,0,101,31.9,
VAREJO_05,2027-01-01,LOJA_04,PROD_07,limpeza,35.19,,141,32.8,
VAREJO_05,2027-01-01,LOJA_04,PROD_08,limpeza,"54,69",0,148,29.4,
VAREJO_05,2027-01-01,LOJA_04,PROD_09,utilidades,21.22,0,,31.4,
VAREJO_05,2027-01-01,LOJA_04,PROD_10,utilidades,30.58,0,93,30.5,
VAREJO_05,2027-01-02,LOJA_01,PROD_01,alimentos,11.47,0,111,31.9,
VAREJO_05,2027-01-02,LOJA_01,PROD_02,alimentos,18.48,0,173,27.2,
VAREJO_05,2027-01-02,LOJA_01,PROD_03,bebidas,6.61,0,155,29.6,
VAREJO_05,2027-01-02,LOJA_01,PROD_04,,11.53,0,176,,
VAREJO_05,2027-01-02,LOJA_01,PROD_05,higiene,27.65,0,159,28.2,
VAREJO_05,2027-01-02,LOJA_01,PROD_06,higiene,35.4,0,110,29.3,
VAREJO_05,2027-01-02,LOJA_01,PROD_07,,41.43,0,112,30.2,
VAREJO_05,2027-01-02,LOJA_01,PROD_08,limpeza,55.23,,149,26.9,
VAREJO_05,2027-01-02,LOJA_01,PROD_09,utilidades,21.23,0,129,32.1,
VAREJO_05,2027-01-02,LOJA_01,PROD_10,utilidades,30.87,0,131,30.2,
VAREJO_05,2027-01-02,LOJA_02,PROD_01,alimentos,12.62,0,126,27.2,
VAREJO_05,2027-01-02,LOJA_02,PROD_02,alimentos,17.55,0,97,30.5,
VAREJO_05,2027-01-02,LOJA_02,PROD_03,bebidas,6.35,0,100,28.6,
VAREJO_05,2027-01-02,LOJA_02,PROD_04,,11.11,0,90,33.3,
VAREJO_05,2027-01-02,LOJA_02,PROD_05,higiene,28.81,0,94,29.3,
VAREJO_05,2027-01-02,LOJA_02,PROD_06,higiene,35.43,0,161,29.0,
VAREJO_05,2027-01-02,LOJA_02,PROD_07,,41.3,0,90,29.0,
VAREJO_05,2027-01-02,LOJA_02,PROD_08,limpeza,54.98,0,135,29.7,
VAREJO_05,2027-01-02,LOJA_02,PROD_09,,21.1,0,147,30.2,
VAREJO_05,2027-01-02,LOJA_02,PROD_10,utilidades,30.26,0,175,30.1,
VAREJO_05,2027-01-02,LOJA_03,PROD_01,alimentos,12.33,1,101,33.0,
VAREJO_05,2027-01-02,LOJA_03,PROD_02,alimentos,,1,130,27.5,
VAREJO_05,2027-01-02,LOJA_03,PROD_03,,7.6,0,127,30.0,
VAREJO_05,2027-01-02,LOJA_03,PROD_04,bebidas,11.12,0,102,29.9,
VAREJO_05,2027-01-02,LOJA_03,PROD_05,higiene,24.19,1,105,31.5,
VAREJO_05,2027-01-02,LOJA_03,PROD_06,,28.5,1,96,28.4,
VAREJO_05,2027-01-02,LOJA_03,PROD_07,limpeza,"41,97",0,158,30.4,
VAREJO_05,2027-01-02,LOJA_03,PROD_08,limpeza,54.08,0,169,27.9,
VAREJO_05,2027-01-02,LOJA_03,PROD_09,utilidades,22.81,0,139,32.6,
VAREJO_05,2027-01-02,LOJA_03,PROD_10,utilidades,25.98,1,107,30.6,
VAREJO_05,2027-01-02,LOJA_04,PROD_01,alimentos,12.54,0,177,31.6,
VAREJO_05,2027-01-02,LOJA_04,PROD_02,alimentos,18.32,0,,30.1,
VAREJO_05,2027-01-02,LOJA_04,PROD_03,bebidas,6.07,1,147,,
VAREJO_05,2027-01-02,LOJA_04,PROD_04,bebidas,9.0,1,109,27.8,
VAREJO_05,2027-01-02,LOJA_04,PROD_05,higiene,28.44,0,110,29.6,
VAREJO_05,2027-01-02,LOJA_04,PROD_06,higiene,29.88,1,128,28.7,
VAREJO_05,2027-01-02,LOJA_04,PROD_07,,40.88,nao,,27.0,
VAREJO_05,2027-01-02,LOJA_04,PROD_08,limpeza,55.32,0,158,28.2,
VAREJO_05,2027-01-02,LOJA_04,PROD_09,utilidades,20.87,0,113,28.2,
VAREJO_05,2027-01-02,LOJA_04,PROD_10,utilidades,29.04,0,146,28.8,
VAREJO_05,2027-01-03,LOJA_01,PROD_01,alimentos,10.44,1,138,29.8,
VAREJO_05,2027-01-03,LOJA_01,PROD_02,alimentos,16.67,0,125,31.4,
VAREJO_05,2027-01-03,LOJA_01,PROD_03,bebidas,6.39,1,123,30.9,
VAREJO_05,2027-01-03,LOJA_01,PROD_04,bebidas,11.11,0,165,28.5,
VAREJO_05,2027-01-03,LOJA_01,PROD_05,higiene,,0,114,31.5,
VAREJO_05,2027-01-03,LOJA_01,PROD_06,higiene,37.23,0,107,32.0,
VAREJO_05,2027-01-03,LOJA_01,PROD_07,limpeza,41.76,0,,30.8,
VAREJO_05,2027-01-03,LOJA_01,PROD_08,limpeza,55.86,0,149,29.6,
VAREJO_05,2027-01-03,LOJA_01,PROD_09,utilidades,23.2,0,176,31.8,
VAREJO_05,2027-01-03,LOJA_01,PROD_10,utilidades,25.3,1,175,,
VAREJO_05,2027-01-03,LOJA_02,PROD_01,alimentos,11.93,0,162,29.9,
VAREJO_05,2027-01-03,LOJA_02,PROD_02,,17.8,0,97,32.5,
VAREJO_05,2027-01-03,LOJA_02,PROD_03,bebidas,6.54,0,125,32.4,
VAREJO_05,2027-01-03,LOJA_02,PROD_04,bebidas,10.32,0,166,30.8,
VAREJO_05,2027-01-03,LOJA_02,PROD_05,higiene,27.4,0,,27.9,
VAREJO_05,2027-01-03,LOJA_02,PROD_06,higiene,35.31,0,165,28.2,
VAREJO_05,2027-01-03,LOJA_02,PROD_07,limpeza,42.07,0,169,29.0,
VAREJO_05,2027-01-03,LOJA_02,PROD_08,limpeza,47.65,1,158,29.2,
VAREJO_05,2027-01-03,LOJA_02,PROD_09,utilidades,21.65,0,129,29.8,
VAREJO_05,2027-01-03,LOJA_02,PROD_10,utilidades,30.68,0,,27.9,
VAREJO_05,2027-01-03,LOJA_03,PROD_01,alimentos,,0,110,31.0,
VAREJO_05,2027-01-03,LOJA_03,PROD_02,alimentos,18.32,0,147,30.5,
VAREJO_05,2027-01-03,LOJA_03,PROD_03,bebidas,7.43,0,160,36.0,
VAREJO_05,2027-01-03,LOJA_03,PROD_04,bebidas,12.21,0,174,33.0,
VAREJO_05,03/01/2027,LOJA_03,PROD_05,higiene,28.84,0,145,27.4,
VAREJO_05,2027-01-03,LOJA_03,PROD_06,higiene,29.52,,158,28.6,
VAREJO_05,2027-01-03,LOJA_03,PROD_07,limpeza,42.08,0,139,,
VAREJO_05,2027-01-03,LOJA_03,PROD_08,limpeza,48.19,1,175,26.6,
VAREJO_05,2027-01-03,LOJA_03,PROD_09,utilidades,21.65,0,173,30.5,
VAREJO_05,2027-01-03,LOJA_03,PROD_10,utilidades,30.25,0,150,28.9,
VAREJO_05,2027-01-03,LOJA_04,PROD_01,alimentos,12.37,1,145,27.3,
VAREJO_05,2027-01-03,LOJA_04,PROD_02,alimentos,18.45,0,98,29.9,
VAREJO_05,2027-01-03,LOJA_04,PROD_03,bebidas,6.51,1,155,30.1,
VAREJO_05,2027-01-03,LOJA_04,PROD_04,bebidas,11.5,0,139,26.5,
VAREJO_05,2027-01-03,LOJA_04,PROD_05,higiene,28.55,0,178,28.9,
VAREJO_05,2027-01-03,LOJA_04,PROD_06,,34.01,0,175,,
VAREJO_05,2027-01-03,LOJA_04,PROD_07,limpeza,42.85,0,112,32.0,
VAREJO_05,2027-01-03,LOJA_04,PROD_08,,56.22,0,175,28.7,
VAREJO_05,2027-01-03,LOJA_04,PROD_09,utilidades,21.92,,102,30.4,
VAREJO_05,2027-01-03,LOJA_04,PROD_10,utilidades,30.0,,133,29.3,
VAREJO_05,2027-01-04,LOJA_01,PROD_01,alimentos,11.77,0,126,30.7,
VAREJO_05,2027-01-04,LOJA_01,PROD_02,alimentos,17.85,0,169,27.8,
VAREJO_05,2027-01-04,LOJA_01,PROD_03,bebidas,6.07,0,174,32.0,
VAREJO_05,2027-01-04,LOJA_01,PROD_04,bebidas,11.48,0,137,28.9,
VAREJO_05,2027-01-04,LOJA_01,PROD_05,higiene,27.81,0,9999,30.7,
VAREJO_05,2027-01-04,LOJA_01,PROD_06,higiene,29.58,1,162,27.9,
VAREJO_05,2027-01-04,LOJA_01,PROD_07,limpeza,41.14,0,,30.4,
VAREJO_05,2027-01-04,LOJA_01,PROD_08,,56.21,0,119,30.9,
VAREJO_05,2027-01-04,LOJA_01,PROD_09,utilidades,18.11,1,107,29.0,
VAREJO_05,04/01/2027,LOJA_01,PROD_10,,30.48,0,162,29.8,
VAREJO_05,2027-01-04,LOJA_02,PROD_01,alimentos,9.73,1,145,28.6,
VAREJO_05,2027-01-04,LOJA_02,PROD_02,alimentos,17.81,0,160,31.3,
VAREJO_05,2027-01-04,LOJA_02,PROD_03,bebidas,6.65,0,173,32.6,
VAREJO_05,2027-01-04,LOJA_02,PROD_04,bebidas,8.85,1,168,29.9,
VAREJO_05,2027-01-04,LOJA_02,PROD_05, HIGIENE ,29.28,0,138,31.6,
VAREJO_05,2027-01-04,LOJA_02,PROD_06,higiene,30.89,1,136,26.7,
VAREJO_05,2027-01-04,LOJA_02,PROD_07,limpeza,37.74,1,158,30.2,
VAREJO_05,2027-01-04,LOJA_02,PROD_08,limpeza,54.26,0,111,31.5,
VAREJO_05,2027-01-04,LOJA_02,PROD_09,utilidades,22.56,0,93,29.2,
VAREJO_05,2027-01-04,LOJA_02,PROD_10,utilidades,30.33,0,101,29.8,
VAREJO_05,2027-01-04,LOJA_03,PROD_01,alimentos,12.78,0,104,28.7,
VAREJO_05,2027-01-04,LOJA_03,PROD_02,alimentos,18.89,0,98,28.9,
VAREJO_05,2027-01-04,LOJA_03,PROD_03,bebidas,-99.00,1,99,31.3,
VAREJO_05,2027-01-04,LOJA_03,PROD_04,bebidas,9.93,1,105,31.9,
VAREJO_05,2027-01-04,LOJA_03,PROD_05,higiene,28.7,0,176,31.3,
VAREJO_05,2027-01-04,LOJA_03,PROD_06,higiene,35.4,0,110,29.0,
VAREJO_05,2027-01-04,LOJA_03,PROD_07,limpeza,42.29,0,134,27.2,
VAREJO_05,2027-01-04,LOJA_03,PROD_08,limpeza,54.58,0,163,33.0,
VAREJO_05,2027-01-04,LOJA_03,PROD_09,utilidades,21.93,0,123,28.7,
VAREJO_05,2027-01-04,LOJA_03,PROD_10,utilidades,29.7,0,166,27.2,
VAREJO_05,2027-01-04,LOJA_04,PROD_01,alimentos,9.94,1,109,30.5,
VAREJO_05,2027-01-04,LOJA_04,PROD_02,alimentos,18.05,0,147,27.9,
VAREJO_05,2027-01-04,LOJA_04,PROD_03,bebidas,7.63,0,129,28.7,
VAREJO_05,2027-01-04,LOJA_04,PROD_04,bebidas,11.59,0,127,29.5,
VAREJO_05,2027-01-04,LOJA_04,PROD_05,higiene,27.99,,177,29.9,
VAREJO_05,04/01/2027,LOJA_04,PROD_06,higiene,34.28,,171,25.7,
VAREJO_05,2027-01-04,LOJA_04,PROD_07,limpeza,42.3,0,123,31.6,
VAREJO_05,2027-01-04,LOJA_04,PROD_08,limpeza,55.03,0,119,28.7,
VAREJO_05,2027-01-04,LOJA_04,PROD_09,utilidades,21.83,0,134,26.6,
VAREJO_05,04/01/2027,LOJA_04,PROD_10,utilidades,29.22,0,108,28.8,
VAREJO_05,2027-01-05,LOJA_01,PROD_01,,11.65,0,152,30.6,
VAREJO_05,2027-01-05,LOJA_01,PROD_02,alimentos,18.41,0,112,30.3,
VAREJO_05,2027-01-05,LOJA_01,PROD_03,bebidas,7.08,0,124,32.1,
VAREJO_05,2027-01-05,LOJA_01,PROD_04,bebidas,10.02,0,118,27.6,
VAREJO_05,2027-01-05,LOJA_01,PROD_05,higiene,27.33,0,96,27.6,
VAREJO_05,2027-01-05,LOJA_01,PROD_06,higiene,34.95,0,153,27.6,
VAREJO_05,2027-01-05,LOJA_01,PROD_07,limpeza,35.76,1,178,28.8,
VAREJO_05,2027-01-05,LOJA_01,PROD_08,limpeza,55.55,0,99,30.6,
VAREJO_05,2027-01-05,LOJA_01,PROD_09,utilidades,21.59,0,91,30.9,
VAREJO_05,2027-01-05,LOJA_01,PROD_10,utilidades,29.58,0,161,29.1,
VAREJO_05,2027-01-05,LOJA_02,PROD_01,alimentos,11.36,0,108,28.5,
VAREJO_05,2027-01-05,LOJA_02,PROD_02,alimentos,16.97,0,115,28.2,
VAREJO_05,2027-01-05,LOJA_02,PROD_03,bebidas,7.7,0,163,28.2,
VAREJO_05,2027-01-05,LOJA_02,PROD_04,bebidas,10.2,0,157,29.9,
VAREJO_05,2027-01-05,LOJA_02,PROD_05,higiene,26.92,0,96,31.1,
VAREJO_05,2027-01-05,LOJA_02,PROD_06,higiene,35.3,0,153,29.1,
VAREJO_05,2027-01-05,LOJA_02,PROD_07,limpeza,41.55,0,179,27.5,
VAREJO_05,2027-01-05,LOJA_02,PROD_08,limpeza,55.82,0,102,32.4,
VAREJO_05,2027-01-05,LOJA_02,PROD_09,utilidades,22.49,0,127,31.5,
VAREJO_05,2027-01-05,LOJA_02,PROD_10,utilidades,24.72,1,105,31.6,
VAREJO_05,2027-01-05,LOJA_03,PROD_01,alimentos,11.39,0,117,33.3,
VAREJO_05,2027-01-05,LOJA_03,PROD_02,alimentos,14.58,1,131,33.2,
VAREJO_05,2027-01-05,LOJA_03,PROD_03,bebidas,5.25,1,108,32.4,
VAREJO_05,2027-01-05,LOJA_03,PROD_04,bebidas,10.79,0,178,30.0,
VAREJO_05,2027-01-05,LOJA_03,PROD_05,higiene,27.95,0,155,32.5,
VAREJO_05,2027-01-05,LOJA_03,PROD_06,higiene,29.75,1,135,,
VAREJO_05,2027-01-05,LOJA_03,PROD_07,limpeza,41.98,0,125,27.8,
VAREJO_05,2027-01-05,LOJA_03,PROD_08,limpeza,55.31,0,110,34.8,
VAREJO_05,2027-01-05,LOJA_03,PROD_09,utilidades,,0,128,30.2,
VAREJO_05,2027-01-05,LOJA_03,PROD_10,utilidades,30.54,0,157,28.0,
VAREJO_05,2027-01-05,LOJA_04,PROD_01,,11.92,,120,32.3,
VAREJO_05,2027-01-05,LOJA_04,PROD_02,alimentos,14.57,1,94,28.8,
VAREJO_05,2027-01-05,LOJA_04,PROD_03,bebidas,6.24,1,92,,
VAREJO_05,2027-01-05,LOJA_04,PROD_04,bebidas,9.93,1,149,27.8,
VAREJO_05,2027-01-05,LOJA_04,PROD_05,,24.54,1,131,30.3,
VAREJO_05,2027-01-05,LOJA_04,PROD_06,higiene,34.94,0,105,32.1,
VAREJO_05,2027-01-05,LOJA_04,PROD_07,limpeza,40.85,0,127,29.8,
VAREJO_05,2027-01-05,LOJA_04,PROD_08,limpeza,54.01,0,120,31.9,
VAREJO_05,2027-01-05,LOJA_04,PROD_09,utilidades,19.27,1,108,30.3,
VAREJO_05,2027-01-05,LOJA_04,PROD_10,,29.27,0,96,33.4,
VAREJO_05,2027-01-06,LOJA_01,PROD_01,alimentos,9.58,1,98,28.9,
VAREJO_05,2027-01-06,LOJA_01,PROD_02,alimentos,14.93,1,107,29.0,
VAREJO_05,2027-01-06,LOJA_01,PROD_03,bebidas,6.54,0,113,31.6,
VAREJO_05,2027-01-06,LOJA_01,PROD_04,bebidas,8.8,0,122,29.4,
VAREJO_05,2027-01-06,LOJA_01,PROD_05,higiene,27.35,0,178,31.2,
VAREJO_05,2027-01-06,LOJA_01,PROD_06,higiene,35.04,0,98,31.4,
VAREJO_05,2027-01-06,LOJA_01,PROD_07,limpeza,35.56,1,123,30.0,
VAREJO_05,2027-01-06,LOJA_01,PROD_08,limpeza,,0,146,27.3,
VAREJO_05,2027-01-06,LOJA_01,PROD_09,utilidades,22.75,0,149,30.4,
VAREJO_05,2027-01-06,LOJA_01,PROD_10,utilidades,27.13,1,152,28.4,
VAREJO_05,2027-01-06,LOJA_02,PROD_01,alimentos,11.64,0,168,28.2,
VAREJO_05,2027-01-06,LOJA_02,PROD_02,alimentos,14.93,1,176,31.1,
VAREJO_05,2027-01-06,LOJA_02,PROD_03,bebidas,6.39,0,,31.2,
VAREJO_05,2027-01-06,LOJA_02,PROD_04,bebidas,"10,43",0,169,27.5,
VAREJO_05,2027-01-06,LOJA_02,PROD_05,higiene,28.46,0,114,28.4,
VAREJO_05,2027-01-06,LOJA_02,PROD_06,higiene,,0,117,28.2,
VAREJO_05,2027-01-06,LOJA_02,PROD_07,limpeza,42.07,0,166,30.8,
VAREJO_05,2027-01-06,LOJA_02,PROD_08,limpeza,55.17,0,175,27.5,
VAREJO_05,2027-01-06,LOJA_02,PROD_09,utilidades,21.78,0,156,29.3,
VAREJO_05,2027-01-06,LOJA_02,PROD_10,utilidades,29.55,0,157,29.3,
VAREJO_05,2027-01-06,LOJA_03,PROD_01,alimentos,11.39,1,149,28.9,
VAREJO_05,2027-01-06,LOJA_03,PROD_02,alimentos,19.11,0,157,31.1,
VAREJO_05,2027-01-06,LOJA_03,PROD_03,bebidas,6.72,0,136,30.7,
VAREJO_05,2027-01-06,LOJA_03,PROD_04,bebidas,9.66,1,139,33.5,
VAREJO_05,2027-01-06,LOJA_03,PROD_05,higiene,25.21,1,171,28.2,
VAREJO_05,2027-01-06,LOJA_03,PROD_06,higiene,35.29,,148,30.1,
VAREJO_05,2027-01-06,LOJA_03,PROD_07,limpeza,41.45,0,173,33.1,
VAREJO_05,2027-01-06,LOJA_03,PROD_08,limpeza,54.04,0,174,28.3,
VAREJO_05,2027-01-06,LOJA_03,PROD_09,utilidades,22.94,0,134,28.8,
VAREJO_05,2027-01-06,LOJA_03,PROD_10,utilidades,25.56,1,95,31.3,
VAREJO_05,2027-01-06,LOJA_04,PROD_01,alimentos,11.98,0,135,26.4,
VAREJO_05,2027-01-06,LOJA_04,PROD_02,alimentos,17.69,0,96,31.3,
VAREJO_05,2027-01-06,LOJA_04,PROD_03,bebidas,6.88,0,145,29.8,
VAREJO_05,2027-01-06,LOJA_04,PROD_04,bebidas,11.58,0,141,29.2,
VAREJO_05,2027-01-06,LOJA_04,PROD_05,higiene,28.41,0,,28.0,
VAREJO_05,2027-01-06,LOJA_04,PROD_06,higiene,35.04,0,159,26.7,
VAREJO_05,2027-01-06,LOJA_04,PROD_07,limpeza,43.1,0,90,31.5,
VAREJO_05,2027-01-06,LOJA_04,PROD_08,limpeza,46.62,,136,32.5,
VAREJO_05,06/01/2027,LOJA_04,PROD_09,utilidades,22.34,0,160,30.1,
VAREJO_05,2027-01-06,LOJA_04,PROD_10,utilidades,30.41,0,92,29.8,
VAREJO_05,2027-01-07,LOJA_01,PROD_01,alimentos,12.58,0,159,27.5,
VAREJO_05,2027-01-07,LOJA_01,PROD_02,alimentos,18.69,0,167,27.2,
VAREJO_05,2027-01-07,LOJA_01,PROD_03,bebidas,6.46,0,123,27.9,
VAREJO_05,2027-01-07,LOJA_01,PROD_04,bebidas,10.49,0,144,,
VAREJO_05,2027-01-07,LOJA_01,PROD_05,higiene,29.08,nao,102,30.0,
VAREJO_05,2027-01-07,LOJA_01,PROD_06,higiene,34.61,0,,29.3,
VAREJO_05,2027-01-07,LOJA_01,PROD_07,limpeza,42.43,0,155,31.6,
VAREJO_05,2027-01-07,LOJA_01,PROD_08,limpeza,56.34,0,152,29.0,
VAREJO_05,2027-01-07,LOJA_01,PROD_09,utilidades,21.82,0,,30.5,
VAREJO_05,2027-01-07,LOJA_01,PROD_10,utilidades,25.78,1,125,32.4,
VAREJO_05,2027-01-07,LOJA_02,PROD_01,alimentos,11.34,0,97,29.4,
VAREJO_05,2027-01-07,LOJA_02,PROD_02,alimentos,17.44,0,113,33.2,
VAREJO_05,2027-01-07,LOJA_02,PROD_03,bebidas,,0,157,27.3,
VAREJO_05,2027-01-07,LOJA_02,PROD_04,bebidas,10.58,0,141,29.1,
VAREJO_05,2027-01-07,LOJA_02,PROD_05,,28.68,0,152,,
VAREJO_05,2027-01-07,LOJA_02,PROD_06,higiene,36.17,0,110,30.6,
VAREJO_05,2027-01-07,LOJA_02,PROD_07,limpeza,41.64,0,97,27.2,
VAREJO_05,2027-01-07,LOJA_02,PROD_08,limpeza,54.08,0,155,26.0,
VAREJO_05,2027-01-07,LOJA_02,PROD_09,utilidades,19.61,1,176,30.0,
VAREJO_05,2027-01-07,LOJA_02,PROD_10,utilidades,,0,171,29.9,
VAREJO_05,2027-01-07,LOJA_03,PROD_01,alimentos,11.23,0,123,32.6,
VAREJO_05,2027-01-07,LOJA_03,PROD_02,alimentos,16.45,1,126,31.4,
VAREJO_05,2027-01-07,LOJA_03,PROD_03,bebidas,6.23,1,143,27.2,
VAREJO_05,2027-01-07,LOJA_03,PROD_04,bebidas,9.37,1,155,29.7,
VAREJO_05,2027-01-07,LOJA_03,PROD_05,higiene,28.31,0,107,29.8,
VAREJO_05,2027-01-07,LOJA_03,PROD_06,higiene,34.09,,101,28.2,
VAREJO_05,2027-01-07,LOJA_03,PROD_07,limpeza,42.08,0,107,,
VAREJO_05,2027-01-07,LOJA_03,PROD_08,limpeza,55.13,0,99,28.1,
VAREJO_05,2027-01-07,LOJA_03,PROD_09,utilidades,23.66,0,155,27.6,
VAREJO_05,2027-01-07,LOJA_03,PROD_10,utilidades,29.59,0,114,30.4,
VAREJO_05,2027-01-07,LOJA_04,PROD_01,alimentos,9.86,1,160,30.6,
VAREJO_05,2027-01-07,LOJA_04,PROD_02,alimentos,,,95,28.5,
VAREJO_05,2027-01-07,LOJA_04,PROD_03,,,0,120,28.5,
VAREJO_05,2027-01-07,LOJA_04,PROD_04,bebidas,11.05,0,158,27.4,
VAREJO_05,2027-01-07,LOJA_04,PROD_05,higiene,27.9,0,171,29.0,
VAREJO_05,2027-01-07,LOJA_04,PROD_06,higiene,30.7,1,133,28.0,
VAREJO_05,2027-01-07,LOJA_04,PROD_07,limpeza,36.06,1,173,32.9,
VAREJO_05,2027-01-07,LOJA_04,PROD_08,limpeza,55.62,0,107,30.5,
VAREJO_05,2027-01-07,LOJA_04,PROD_09,utilidades,22.58,0,132,30.8,
VAREJO_05,2027-01-07,LOJA_04,PROD_10,utilidades,30.06,0,96,32.8,
VAREJO_05,2027-01-08,LOJA_01,PROD_01,alimentos,12.64,0,137,28.4,
VAREJO_05,2027-01-08,LOJA_01,PROD_02,alimentos,18.86,0,141,32.3,
VAREJO_05,2027-01-08,LOJA_01,PROD_03,bebidas,6.53,0,161,32.7,
VAREJO_05,2027-01-08,LOJA_01,PROD_04,bebidas,11.5,0,149,30.3,
VAREJO_05,2027-01-08,LOJA_01,PROD_05,higiene,26.99,0,91,30.6,
VAREJO_05,2027-01-08,LOJA_01,PROD_06,,35.67,0,94,28.7,
VAREJO_05,2027-01-08,LOJA_01,PROD_07,limpeza,41.63,0,153,30.5,
VAREJO_05,2027-01-08,LOJA_01,PROD_08,limpeza,55.69,0,158,29.5,
VAREJO_05,2027-01-08,LOJA_01,PROD_09,utilidades,23.24,0,90,32.3,
VAREJO_05,2027-01-08,LOJA_01,PROD_10,utilidades,25.97,1,177,29.2,
VAREJO_05,2027-01-08,LOJA_02,PROD_01,alimentos,10.14,1,118,29.2,
VAREJO_05,2027-01-08,LOJA_02,PROD_02,alimentos,16.74,0,127,29.5,
VAREJO_05,2027-01-08,LOJA_02,PROD_03,bebidas,6.6,0,122,27.5,
VAREJO_05,2027-01-08,LOJA_02,PROD_04,bebidas,11.73,0,156,28.9,
VAREJO_05,2027-01-08,LOJA_02,PROD_05,higiene,27.82,0,158,28.4,
VAREJO_05,2027-01-08,LOJA_02,PROD_06,higiene,34.11,0,133,33.0,
VAREJO_05,2027-01-08,LOJA_02,PROD_07,limpeza,41.35,0,139,31.5,
VAREJO_05,08/01/2027,LOJA_02,PROD_08,limpeza,54.45,,171,31.5,
VAREJO_05,2027-01-08,LOJA_02,PROD_09,utilidades,22.73,0,107,33.5,
VAREJO_05,2027-01-08,LOJA_02,PROD_10,utilidades,30.02,0,106,28.0,
VAREJO_05,2027-01-08,LOJA_03,PROD_01,alimentos,11.36,0,92,28.6,
VAREJO_05,2027-01-08,LOJA_03,PROD_02,alimentos,14.71,1,98,31.8,
VAREJO_05,2027-01-08,LOJA_03,PROD_03,bebidas,7.78,0,163,,
VAREJO_05,2027-01-08,LOJA_03,PROD_04,bebidas,,0,141,32.5,
VAREJO_05,2027-01-08,LOJA_03,PROD_05,,28.37,0,134,32.8,
VAREJO_05,2027-01-08,LOJA_03,PROD_06,,34.81,0,106,26.3,
VAREJO_05,2027-01-08,LOJA_03,PROD_07,limpeza,43.43,0,152,,
VAREJO_05,2027-01-08,LOJA_03,PROD_08,limpeza,55.18,0,161,30.8,
VAREJO_05,2027-01-08,LOJA_03,PROD_09,utilidades,20.85,0,141,27.1,
VAREJO_05,2027-01-08,LOJA_03,PROD_10,utilidades,30.26,0,93,31.8,
VAREJO_05,2027-01-08,LOJA_04,PROD_01,alimentos,12.37,0,102,32.1,
VAREJO_05,2027-01-08,LOJA_04,PROD_02,alimentos,18.17,0,161,29.4,
VAREJO_05,2027-01-08,LOJA_04,PROD_03,bebidas,6.61,0,148,29.1,
VAREJO_05,2027-01-08,LOJA_04,PROD_04,bebidas,11.09,0,133,30.3,
VAREJO_05,2027-01-08,LOJA_04,PROD_05,higiene,27.64,0,160,30.8,
VAREJO_05,2027-01-08,LOJA_04,PROD_06,higiene,29.86,1,129,29.9,
VAREJO_05,2027-01-08,LOJA_04,PROD_07,limpeza,36.12,1,122,30.0,
VAREJO_05,2027-01-08,LOJA_04,PROD_08,limpeza,47.35,1,103,29.1,
VAREJO_05,2027-01-08,LOJA_04,PROD_09,utilidades,22.11,0,106,29.9,
VAREJO_05,2027-01-08,LOJA_04,PROD_10,utilidades,31.08,0,144,,
VAREJO_05,2027-01-09,LOJA_01,PROD_01,alimentos,10.86,1,117,31.5,
VAREJO_05,2027-01-09,LOJA_01,PROD_02,alimentos,17.24,0,,31.3,
VAREJO_05,2027-01-09,LOJA_01,PROD_03,bebidas,5.07,1,99,30.2,
VAREJO_05,2027-01-09,LOJA_01,PROD_04,bebidas,11.1,0,99,30.8,
VAREJO_05,2027-01-09,LOJA_01,PROD_05,higiene,28.33,0,102,29.1,
VAREJO_05,2027-01-09,LOJA_01,PROD_06,higiene,33.82,0,113,32.7,
VAREJO_05,2027-01-09,LOJA_01,PROD_07,limpeza,43.15,0,,31.7,
VAREJO_05,2027-01-09,LOJA_01,PROD_08,limpeza,55.22,0,141,34.3,
VAREJO_05,2027-01-09,LOJA_01,PROD_09,utilidades,18.38,,,28.5,
VAREJO_05,2027-01-09,LOJA_01,PROD_10,utilidades,27.18,1,109,27.4,
VAREJO_05,2027-01-09,LOJA_02,PROD_01,alimentos,12.82,0,176,30.1,
VAREJO_05,2027-01-09,LOJA_02,PROD_02,alimentos,17.33,0,121,31.9,
VAREJO_05,2027-01-09,LOJA_02,PROD_03,bebidas,6.16,1,,33.5,
VAREJO_05,2027-01-09,LOJA_02,PROD_04,bebidas,-99.00,0,99,27.3,
VAREJO_05,2027-01-09,LOJA_02,PROD_05,,27.3,0,167,30.2,
VAREJO_05,2027-01-09,LOJA_02,PROD_06,,35.83,0,95,31.1,
VAREJO_05,09/01/2027,LOJA_02,PROD_07,limpeza,,0,141,30.3,
VAREJO_05,2027-01-09,LOJA_02,PROD_08,limpeza,54.72,,156,28.7,
VAREJO_05,2027-01-09,LOJA_02,PROD_09,utilidades,17.96,1,147,30.9,
VAREJO_05,2027-01-09,LOJA_02,PROD_10,utilidades,30.54,0,90,28.6,
VAREJO_05,2027-01-09,LOJA_03,PROD_01,alimentos,10.53,,143,28.0,
VAREJO_05,2027-01-09,LOJA_03,PROD_02,alimentos,17.77,0,178,30.1,
VAREJO_05,2027-01-09,LOJA_03,PROD_03,bebidas,7.22,0,95,29.1,
VAREJO_05,2027-01-09,LOJA_03,PROD_04,bebidas,11.75,0,101,32.3,
VAREJO_05,2027-01-09,LOJA_03,PROD_05,higiene,27.99,0,143,31.8,
VAREJO_05,2027-01-09,LOJA_03,PROD_06,higiene,29.92,1,146,27.4,
VAREJO_05,2027-01-09,LOJA_03,PROD_07,limpeza,42.06,0,149,28.9,
VAREJO_05,2027-01-09,LOJA_03,PROD_08,limpeza,53.62,,148,,
VAREJO_05,2027-01-09,LOJA_03,PROD_09,utilidades,21.47,0,145,29.6,
VAREJO_05,2027-01-09,LOJA_03,PROD_10,utilidades,29.81,,110,30.5,
VAREJO_05,2027-01-09,LOJA_04,PROD_01,alimentos,11.68,0,127,31.1,
VAREJO_05,2027-01-09,LOJA_04,PROD_02,alimentos,18.39,0,123,30.3,
VAREJO_05,2027-01-09,LOJA_04,PROD_03,bebidas,6.33,0,165,28.6,
VAREJO_05,2027-01-09,LOJA_04,PROD_04,bebidas,9.34,0,9999,28.5,
VAREJO_05,2027-01-09,LOJA_04,PROD_05,higiene,28.51,0,96,28.1,
VAREJO_05,2027-01-09,LOJA_04,PROD_06, HIGIENE ,29.66,1,122,29.1,
VAREJO_05,2027-01-09,LOJA_04,PROD_07,limpeza,42.04,0,,29.2,
VAREJO_05,2027-01-09,LOJA_04,PROD_08,limpeza,,1,163,29.9,
VAREJO_05,2027-01-09,LOJA_04,PROD_09,utilidades,22.39,0,132,30.8,
VAREJO_05,2027-01-09,LOJA_04,PROD_10,utilidades,30.79,0,90,27.6,
VAREJO_05,2027-01-10,LOJA_01,PROD_01,alimentos,12.11,0,162,29.9,
VAREJO_05,2027-01-10,LOJA_01,PROD_02,alimentos,17.5,0,123,29.3,
VAREJO_05,10/01/2027,LOJA_01,PROD_03,,6.83,0,160,,
VAREJO_05,2027-01-10,LOJA_01,PROD_04,bebidas,10.44,1,135,29.4,
VAREJO_05,2027-01-10,LOJA_01,PROD_05,higiene,28.16,0,,30.2,
VAREJO_05,2027-01-10,LOJA_01,PROD_06,higiene,34.75,0,111,29.1,
VAREJO_05,2027-01-10,LOJA_01,PROD_07,limpeza,,1,158,,
VAREJO_05,2027-01-10,LOJA_01,PROD_08,limpeza,56.04,0,146,30.2,
VAREJO_05,2027-01-10,LOJA_01,PROD_09,utilidades,21.4,0,92,29.9,
VAREJO_05,2027-01-10,LOJA_01,PROD_10,utilidades,30.37,0,107,29.6,
VAREJO_05,2027-01-10,LOJA_02,PROD_01,alimentos,10.46,1,134,29.6,
VAREJO_05,2027-01-10,LOJA_02,PROD_02,alimentos,14.91,1,112,28.3,
VAREJO_05,2027-01-10,LOJA_02,PROD_03,bebidas,7.28,0,175,30.6,
VAREJO_05,2027-01-10,LOJA_02,PROD_04,bebidas,9.96,0,100,27.7,
VAREJO_05,2027-01-10,LOJA_02,PROD_05,higiene,,0,91,26.7,
VAREJO_05,2027-01-10,LOJA_02,PROD_06,higiene,35.43,0,,29.8,
VAREJO_05,2027-01-10,LOJA_02,PROD_07,limpeza,36.33,1,120,29.0,
VAREJO_05,2027-01-10,LOJA_02,PROD_08,limpeza,48.45,1,151,28.1,
VAREJO_05,2027-01-10,LOJA_02,PROD_09,utilidades,18.9,1,108,32.7,
VAREJO_05,2027-01-10,LOJA_02,PROD_10,utilidades,30.43,0,100,27.1,
VAREJO_05,2027-01-10,LOJA_03,PROD_01,alimentos,11.5,0,93,31.1,
VAREJO_05,2027-01-10,LOJA_03,PROD_02,alimentos,18.13,0,107,30.2,
VAREJO_05,2027-01-10,LOJA_03,PROD_03,bebidas,5.53,1,140,29.3,
VAREJO_05,2027-01-10,LOJA_03,PROD_04,bebidas,10.63,0,153,,
VAREJO_05,2027-01-10,LOJA_03,PROD_05,higiene,28.47,0,133,31.0,
VAREJO_05,2027-01-10,LOJA_03,PROD_06,higiene,30.24,1,170,27.7,
VAREJO_05,2027-01-10,LOJA_03,PROD_07,limpeza,41.75,0,,28.2,
VAREJO_05,2027-01-10,LOJA_03,PROD_08,limpeza,55.5,0,122,,
VAREJO_05,2027-01-10,LOJA_03,PROD_09,utilidades,19.35,1,,,
VAREJO_05,2027-01-10,LOJA_03,PROD_10,utilidades,29.47,0,153,30.3,
VAREJO_05,2027-01-10,LOJA_04,PROD_01,alimentos,11.55,0,,29.8,
VAREJO_05,2027-01-10,LOJA_04,PROD_02,alimentos,17.18,0,163,29.4,
VAREJO_05,2027-01-10,LOJA_04,PROD_03,bebidas,7.53,0,166,30.1,
VAREJO_05,2027-01-10,LOJA_04,PROD_04,bebidas,10.0,0,90,34.1,
VAREJO_05,2027-01-10,LOJA_04,PROD_05,higiene,27.17,0,101,28.1,
VAREJO_05,2027-01-10,LOJA_04,PROD_06,higiene,30.99,1,134,30.0,
VAREJO_05,2027-01-10,LOJA_04,PROD_07,limpeza,41.53,0,123,28.4,
VAREJO_05,2027-01-10,LOJA_04,PROD_08,limpeza,54.75,0,129,30.3,
VAREJO_05,2027-01-10,LOJA_04,PROD_09,utilidades,22.61,,161,29.1,
VAREJO_05,2027-01-10,LOJA_04,PROD_10,utilidades,29.93,,100,31.7,
VAREJO_05,2027-01-11,LOJA_01,PROD_01,,11.05,0,108,26.1,
VAREJO_05,2027-01-11,LOJA_01,PROD_02,alimentos,,1,162,31.5,
VAREJO_05,2027-01-11,LOJA_01,PROD_03,bebidas,7.31,0,164,33.0,
VAREJO_05,2027-01-11,LOJA_01,PROD_04,bebidas,"10,7",0,115,31.6,
VAREJO_05,2027-01-11,LOJA_01,PROD_05,higiene,24.48,1,152,,
VAREJO_05,2027-01-11,LOJA_01,PROD_06,higiene,30.28,,134,31.0,
VAREJO_05,2027-01-11,LOJA_01,PROD_07,limpeza,35.8,1,167,30.2,
VAREJO_05,2027-01-11,LOJA_01,PROD_08,limpeza,54.67,0,123,33.0,
VAREJO_05,2027-01-11,LOJA_01,PROD_09,utilidades,22.1,0,91,29.6,
VAREJO_05,2027-01-11,LOJA_01,PROD_10,utilidades,30.2,0,103,28.7,
VAREJO_05,2027-01-11,LOJA_02,PROD_01,alimentos,10.28,nao,171,30.6,
VAREJO_05,2027-01-11,LOJA_02,PROD_02,alimentos,18.39,0,145,27.1,
VAREJO_05,2027-01-11,LOJA_02,PROD_03,bebidas,5.2,1,116,32.5,
VAREJO_05,2027-01-11,LOJA_02,PROD_04,bebidas,11.15,0,106,31.8,
VAREJO_05,2027-01-11,LOJA_02,PROD_05,higiene,27.89,0,127,31.8,
VAREJO_05,2027-01-11,LOJA_02,PROD_06,higiene,34.61,0,168,26.5,
VAREJO_05,2027-01-11,LOJA_02,PROD_07,limpeza,42.67,0,169,29.1,
VAREJO_05,2027-01-11,LOJA_02,PROD_08,limpeza,54.79,0,131,31.8,
VAREJO_05,2027-01-11,LOJA_02,PROD_09,utilidades,22.83,0,124,31.1,
VAREJO_05,2027-01-11,LOJA_02,PROD_10,utilidades,31.13,0,168,30.2,
VAREJO_05,2027-01-11,LOJA_03,PROD_01,alimentos,11.41,0,108,29.7,
VAREJO_05,2027-01-11,LOJA_03,PROD_02,alimentos,18.0,0,160,31.1,
VAREJO_05,2027-01-11,LOJA_03,PROD_03,bebidas,5.85,1,99,31.6,
VAREJO_05,2027-01-11,LOJA_03,PROD_04,bebidas,11.86,,122,25.5,
VAREJO_05,2027-01-11,LOJA_03,PROD_05,higiene,27.9,0,172,31.4,
VAREJO_05,2027-01-11,LOJA_03,PROD_06,higiene,34.78,0,130,29.8,
VAREJO_05,2027-01-11,LOJA_03,PROD_07,limpeza,41.62,0,151,28.2,
VAREJO_05,2027-01-11,LOJA_03,PROD_08,limpeza,47.82,1,130,31.2,
VAREJO_05,2027-01-11,LOJA_03,PROD_09,,21.96,0,136,30.8,
VAREJO_05,2027-01-11,LOJA_03,PROD_10,utilidades,25.5,1,,29.8,
VAREJO_05,2027-01-11,LOJA_04,PROD_01,alimentos,11.52,0,172,,
VAREJO_05,2027-01-11,LOJA_04,PROD_02,,15.84,1,157,32.2,
VAREJO_05,2027-01-11,LOJA_04,PROD_03,,6.92,0,130,31.6,
VAREJO_05,2027-01-11,LOJA_04,PROD_04,bebidas,11.36,0,149,27.1,
VAREJO_05,2027-01-11,LOJA_04,PROD_05,higiene,28.58,0,92,29.4,
VAREJO_05,2027-01-11,LOJA_04,PROD_06,higiene,"29,38",1,105,29.9,
VAREJO_05,2027-01-11,LOJA_04,PROD_07,limpeza,41.64,0,144,28.5,
VAREJO_05,2027-01-11,LOJA_04,PROD_08,limpeza,55.09,,176,32.2,
VAREJO_05,2027-01-11,LOJA_04,PROD_09,utilidades,23.04,0,171,32.1,
VAREJO_05,2027-01-11,LOJA_04,PROD_10,utilidades,30.47,0,125,31.6,
VAREJO_05,2027-01-12,LOJA_01,PROD_01,alimentos,11.09,0,170,25.6,
VAREJO_05,2027-01-12,LOJA_01,PROD_02,alimentos,16.06,1,174,28.0,
VAREJO_05,2027-01-12,LOJA_01,PROD_03,,4.97,1,174,25.3,
VAREJO_05,2027-01-12,LOJA_01,PROD_04,bebidas,10.61,0,119,28.8,
VAREJO_05,2027-01-12,LOJA_01,PROD_05,higiene,27.26,0,128,32.1,
VAREJO_05,2027-01-12,LOJA_01,PROD_06,higiene,34.69,0,171,26.5,
VAREJO_05,2027-01-12,LOJA_01,PROD_07,limpeza,42.56,0,,29.7,
VAREJO_05,2027-01-12,LOJA_01,PROD_08,limpeza,54.49,0,138,27.4,
VAREJO_05,2027-01-12,LOJA_01,PROD_09,utilidades,21.11,0,169,31.1,
VAREJO_05,2027-01-12,LOJA_01,PROD_10,utilidades,28.68,0,154,28.1,
VAREJO_05,2027-01-12,LOJA_02,PROD_01,alimentos,12.77,0,124,33.5,
VAREJO_05,2027-01-12,LOJA_02,PROD_02,alimentos,15.24,1,149,29.7,
VAREJO_05,2027-01-12,LOJA_02,PROD_03,bebidas,5.5,1,123,32.7,
VAREJO_05,2027-01-12,LOJA_02,PROD_04,bebidas,11.78,0,173,30.9,
VAREJO_05,2027-01-12,LOJA_02,PROD_05,higiene,27.76,0,158,30.4,
VAREJO_05,2027-01-12,LOJA_02,PROD_06,higiene,34.72,,144,31.4,
VAREJO_05,2027-01-12,LOJA_02,PROD_07,limpeza,41.32,0,108,33.2,
VAREJO_05,12/01/2027,LOJA_02,PROD_08,limpeza,,1,94,27.2,
VAREJO_05,2027-01-12,LOJA_02,PROD_09,utilidades,21.23,0,148,32.2,
VAREJO_05,2027-01-12,LOJA_02,PROD_10,utilidades,29.95,0,174,29.1,
VAREJO_05,2027-01-12,LOJA_03,PROD_01,alimentos,11.48,0,170,33.2,
VAREJO_05,2027-01-12,LOJA_03,PROD_02,alimentos,19.95,0,115,29.4,
VAREJO_05,12/01/2027,LOJA_03,PROD_03,bebidas,7.26,0,122,32.2,
VAREJO_05,2027-01-12,LOJA_03,PROD_04,bebidas,10.32,0,147,31.1,
VAREJO_05,2027-01-12,LOJA_03,PROD_05,higiene,27.48,0,114,30.3,
VAREJO_05,2027-01-12,LOJA_03,PROD_06,higiene,,0,166,,
VAREJO_05,2027-01-12,LOJA_03,PROD_07,limpeza,41.07,0,115,31.5,
VAREJO_05,2027-01-12,LOJA_03,PROD_08,limpeza,47.81,,122,29.8,
VAREJO_05,2027-01-12,LOJA_03,PROD_09,utilidades,21.48,0,136,32.5,
VAREJO_05,2027-01-12,LOJA_03,PROD_10,utilidades,25.77,1,115,30.2,
VAREJO_05,2027-01-12,LOJA_04,PROD_01,alimentos,11.72,0,104,30.1,
VAREJO_05,2027-01-12,LOJA_04,PROD_02,alimentos,16.35,0,148,30.5,
VAREJO_05,2027-01-12,LOJA_04,PROD_03,bebidas,6.42,1,172,30.4,
VAREJO_05,2027-01-12,LOJA_04,PROD_04,bebidas,9.87,0,141,28.4,
VAREJO_05,2027-01-12,LOJA_04,PROD_05,higiene,26.87,0,130,30.0,
VAREJO_05,2027-01-12,LOJA_04,PROD_06,higiene,34.7,0,159,31.8,
VAREJO_05,2027-01-12,LOJA_04,PROD_07,limpeza,,0,176,29.7,
VAREJO_05,2027-01-12,LOJA_04,PROD_08,limpeza,55.81,0,99,28.8,
VAREJO_05,2027-01-12,LOJA_04,PROD_09, UTILIDADES ,20.99,0,109,33.6,
VAREJO_05,2027-01-12,LOJA_04,PROD_10,utilidades,29.02,0,115,33.2,
VAREJO_05,2027-01-13,LOJA_01,PROD_01,alimentos,12.16,0,,27.6,
VAREJO_05,2027-01-13,LOJA_01,PROD_02,alimentos,18.54,0,97,31.0,
VAREJO_05,2027-01-13,LOJA_01,PROD_03,,7.67,0,123,31.0,
VAREJO_05,2027-01-13,LOJA_01,PROD_04,bebidas,11.56,0,124,30.7,
VAREJO_05,2027-01-13,LOJA_01,PROD_05,higiene,28.47,0,157,29.4,
VAREJO_05,2027-01-13,LOJA_01,PROD_06,,29.26,1,129,27.6,
VAREJO_05,2027-01-13,LOJA_01,PROD_07,limpeza,41.87,0,137,29.8,
VAREJO_05,2027-01-13,LOJA_01,PROD_08,limpeza,54.54,0,120,31.2,
VAREJO_05,2027-01-13,LOJA_01,PROD_09,utilidades,21.71,0,108,32.2,
VAREJO_05,2027-01-13,LOJA_01,PROD_10,utilidades,29.41,0,156,27.5,
VAREJO_05,2027-01-13,LOJA_02,PROD_01,alimentos,13.14,0,139,28.3,
VAREJO_05,2027-01-13,LOJA_02,PROD_02,alimentos,18.58,0,122,30.7,
VAREJO_05,2027-01-13,LOJA_02,PROD_03,bebidas,6.3,0,137,28.8,
VAREJO_05,2027-01-13,LOJA_02,PROD_04,bebidas,10.44,0,,30.4,
VAREJO_05,2027-01-13,LOJA_02,PROD_05,higiene,23.83,1,158,31.8,
VAREJO_05,2027-01-13,LOJA_02,PROD_06,higiene,36.07,0,168,30.0,
VAREJO_05,2027-01-13,LOJA_02,PROD_07,limpeza,35.38,1,108,,
VAREJO_05,2027-01-13,LOJA_02,PROD_08,limpeza,54.51,0,104,31.7,
VAREJO_05,2027-01-13,LOJA_02,PROD_09,utilidades,21.95,0,115,30.7,
VAREJO_05,2027-01-13,LOJA_02,PROD_10,utilidades,31.28,0,100,29.7,
VAREJO_05,2027-01-13,LOJA_03,PROD_01,alimentos,12.03,0,172,,
VAREJO_05,2027-01-13,LOJA_03,PROD_02,alimentos,18.28,0,162,28.9,
VAREJO_05,2027-01-13,LOJA_03,PROD_03,bebidas,6.93,0,157,32.5,
VAREJO_05,2027-01-13,LOJA_03,PROD_04,bebidas,11.02,0,124,29.0,
VAREJO_05,2027-01-13,LOJA_03,PROD_05,higiene,28.09,0,168,31.2,
VAREJO_05,2027-01-13,LOJA_03,PROD_06,higiene,34.48,,136,31.0,
VAREJO_05,2027-01-13,LOJA_03,PROD_07,limpeza,36.03,1,140,28.3,
VAREJO_05,2027-01-13,LOJA_03,PROD_08,limpeza,54.38,,114,30.8,
VAREJO_05,2027-01-13,LOJA_03,PROD_09,utilidades,21.2,0,122,28.0,
VAREJO_05,2027-01-13,LOJA_03,PROD_10,utilidades,29.91,0,107,27.5,
VAREJO_05,2027-01-13,LOJA_04,PROD_01,alimentos,11.68,0,114,,
VAREJO_05,2027-01-13,LOJA_04,PROD_02,alimentos,17.92,0,100,28.7,
VAREJO_05,2027-01-13,LOJA_04,PROD_03,bebidas,6.17,1,95,25.3,
VAREJO_05,2027-01-13,LOJA_04,PROD_04,bebidas,9.07,1,159,28.9,
VAREJO_05,2027-01-13,LOJA_04,PROD_05,higiene,27.73,0,167,29.8,
VAREJO_05,2027-01-13,LOJA_04,PROD_06,higiene,34.39,0,164,29.4,
VAREJO_05,2027-01-13,LOJA_04,PROD_07,limpeza,41.16,0,90,31.0,
VAREJO_05,2027-01-13,LOJA_04,PROD_08,limpeza,47.49,1,109,27.7,
VAREJO_05,2027-01-13,LOJA_04,PROD_09,utilidades,22.63,0,114,27.4,
VAREJO_05,2027-01-13,LOJA_04,PROD_10,utilidades,29.71,0,153,29.2,
VAREJO_05,2027-01-14,LOJA_01,PROD_01,alimentos,11.24,0,145,30.3,
VAREJO_05,2027-01-14,LOJA_01,PROD_02,alimentos,17.79,0,120,28.2,
VAREJO_05,2027-01-14,LOJA_01,PROD_03,bebidas,6.44,0,118,30.3,
VAREJO_05,2027-01-14,LOJA_01,PROD_04,bebidas,9.81,1,168,29.3,
VAREJO_05,2027-01-14,LOJA_01,PROD_05,higiene,24.12,1,118,31.7,
VAREJO_05,2027-01-14,LOJA_01,PROD_06,higiene,35.4,0,135,28.1,
VAREJO_05,2027-01-14,LOJA_01,PROD_07,limpeza,35.67,1,179,31.0,
VAREJO_05,2027-01-14,LOJA_01,PROD_08,limpeza,54.79,0,158,,
VAREJO_05,2027-01-14,LOJA_01,PROD_09, UTILIDADES ,17.81,1,176,29.1,
VAREJO_05,2027-01-14,LOJA_01,PROD_10,utilidades,29.89,0,134,28.5,
VAREJO_05,2027-01-14,LOJA_02,PROD_01,alimentos,12.29,0,168,31.4,
VAREJO_05,2027-01-14,LOJA_02,PROD_02,,14.68,1,161,29.0,
VAREJO_05,2027-01-14,LOJA_02,PROD_03,bebidas,7.77,0,166,,
VAREJO_05,2027-01-14,LOJA_02,PROD_04,bebidas,9.51,1,170,26.4,
VAREJO_05,2027-01-14,LOJA_02,PROD_05,higiene,28.19,0,157,26.2,
VAREJO_05,2027-01-14,LOJA_02,PROD_06,higiene,34.24,,101,32.0,
VAREJO_05,2027-01-14,LOJA_02,PROD_07,limpeza,36.18,1,115,27.6,
VAREJO_05,2027-01-14,LOJA_02,PROD_08,limpeza,55.31,0,122,29.9,
VAREJO_05,2027-01-14,LOJA_02,PROD_09,utilidades,23.52,0,128,30.1,
VAREJO_05,2027-01-14,LOJA_02,PROD_10,utilidades,29.45,0,97,29.6,
VAREJO_05,2027-01-14,LOJA_03,PROD_01,alimentos,13.54,0,141,29.0,
VAREJO_05,2027-01-14,LOJA_03,PROD_02,alimentos,18.37,0,,29.8,
VAREJO_05,2027-01-14,LOJA_03,PROD_03,,6.86,0,101,,
VAREJO_05,2027-01-14,LOJA_03,PROD_04,bebidas,11.47,0,138,25.9,
VAREJO_05,2027-01-14,LOJA_03,PROD_05,higiene,27.56,0,151,29.9,
VAREJO_05,2027-01-14,LOJA_03,PROD_06,higiene,35.39,0,116,31.6,
VAREJO_05,2027-01-14,LOJA_03,PROD_07,limpeza,35.42,1,91,30.6,
VAREJO_05,2027-01-14,LOJA_03,PROD_08,limpeza,53.51,0,104,27.5,
VAREJO_05,2027-01-14,LOJA_03,PROD_09,utilidades,19.56,1,164,30.3,
VAREJO_05,2027-01-14,LOJA_03,PROD_10,utilidades,29.62,0,162,31.4,
VAREJO_05,2027-01-14,LOJA_04,PROD_01,alimentos,12.47,0,137,30.2,
VAREJO_05,2027-01-14,LOJA_04,PROD_02,alimentos,15.21,1,100,30.9,
VAREJO_05,2027-01-14,LOJA_04,PROD_03,bebidas,6.68,,162,27.5,
VAREJO_05,2027-01-14,LOJA_04,PROD_04,bebidas,10.78,0,172,31.5,
VAREJO_05,2027-01-14,LOJA_04,PROD_05,higiene,25.05,,167,31.1,
VAREJO_05,2027-01-14,LOJA_04,PROD_06,higiene,34.37,0,176,27.8,
VAREJO_05,2027-01-14,LOJA_04,PROD_07,limpeza,41.73,0,170,32.4,
VAREJO_05,2027-01-14,LOJA_04,PROD_08,limpeza,47.22,1,159,24.4,
VAREJO_05,2027-01-14,LOJA_04,PROD_09,utilidades,22.34,0,109,30.8,
VAREJO_05,2027-01-14,LOJA_04,PROD_10,utilidades,29.51,,150,31.3,
VAREJO_05,2027-01-15,LOJA_01,PROD_01,alimentos,,0,158,27.9,
VAREJO_05,2027-01-15,LOJA_01,PROD_02,alimentos,,0,159,27.3,
VAREJO_05,2027-01-15,LOJA_01,PROD_03,bebidas,7.36,0,159,32.1,
VAREJO_05,2027-01-15,LOJA_01,PROD_04,bebidas,11.39,,97,26.5,
VAREJO_05,2027-01-15,LOJA_01,PROD_05,higiene,24.89,,164,31.0,
VAREJO_05,15/01/2027,LOJA_01,PROD_06, HIGIENE ,28.9,1,149,29.9,
VAREJO_05,2027-01-15,LOJA_01,PROD_07,limpeza,42.91,0,131,33.7,
VAREJO_05,2027-01-15,LOJA_01,PROD_08,limpeza,48.46,1,123,31.0,
VAREJO_05,2027-01-15,LOJA_01,PROD_09,utilidades,18.63,1,116,33.0,
VAREJO_05,2027-01-15,LOJA_01,PROD_10,,30.34,0,169,28.8,
VAREJO_05,2027-01-15,LOJA_02,PROD_01,alimentos,11.49,0,148,31.3,
VAREJO_05,2027-01-15,LOJA_02,PROD_02,alimentos,16.25,1,177,28.8,
VAREJO_05,2027-01-15,LOJA_02,PROD_03,,5.97,0,159,27.0,
VAREJO_05,2027-01-15,LOJA_02,PROD_04,bebidas,9.58,1,151,29.4,
VAREJO_05,2027-01-15,LOJA_02,PROD_05,higiene,28.25,0,149,32.0,
VAREJO_05,2027-01-15,LOJA_02,PROD_06,higiene,35.2,0,103,31.4,
VAREJO_05,2027-01-15,LOJA_02,PROD_07,limpeza,41.98,0,162,30.1,
VAREJO_05,2027-01-15,LOJA_02,PROD_08,limpeza,54.37,0,107,33.0,
VAREJO_05,2027-01-15,LOJA_02,PROD_09,utilidades,19.28,1,134,30.6,
VAREJO_05,2027-01-15,LOJA_02,PROD_10,utilidades,25.0,1,105,30.2,
VAREJO_05,2027-01-15,LOJA_03,PROD_01,alimentos,11.6,0,162,29.4,
VAREJO_05,2027-01-15,LOJA_03,PROD_02,alimentos,18.1,0,153,29.7,
VAREJO_05,2027-01-15,LOJA_03,PROD_03,bebidas,7.49,0,,31.2,
VAREJO_05,2027-01-15,LOJA_03,PROD_04,bebidas,10.39,0,139,29.6,
VAREJO_05,2027-01-15,LOJA_03,PROD_05,higiene,27.52,0,175,31.8,
VAREJO_05,2027-01-15,LOJA_03,PROD_06, HIGIENE ,29.05,1,154,31.8,
VAREJO_05,2027-01-15,LOJA_03,PROD_07,limpeza,41.05,0,144,30.8,
VAREJO_05,2027-01-15,LOJA_03,PROD_08,limpeza,-99.00,0,114,26.3,
VAREJO_05,2027-01-15,LOJA_03,PROD_09, UTILIDADES ,21.06,0,114,31.8,
VAREJO_05,2027-01-15,LOJA_03,PROD_10,utilidades,,0,122,30.5,
VAREJO_05,2027-01-15,LOJA_04,PROD_01,alimentos,12.23,0,177,27.4,
VAREJO_05,2027-01-15,LOJA_04,PROD_02,alimentos,18.38,0,161,28.2,
VAREJO_05,2027-01-15,LOJA_04,PROD_03,bebidas,7.04,0,172,30.6,
VAREJO_05,2027-01-15,LOJA_04,PROD_04,bebidas,11.58,0,120,28.4,
VAREJO_05,2027-01-15,LOJA_04,PROD_05,higiene,24.11,1,148,30.4,
VAREJO_05,2027-01-15,LOJA_04,PROD_06,higiene,34.22,0,92,31.3,
VAREJO_05,2027-01-15,LOJA_04,PROD_07,,42.7,0,157,30.9,
VAREJO_05,2027-01-15,LOJA_04,PROD_08,limpeza,54.53,,129,,
VAREJO_05,2027-01-15,LOJA_04,PROD_09,utilidades,23.09,0,135,27.4,
VAREJO_05,2027-01-15,LOJA_04,PROD_10,utilidades,26.19,1,141,28.6,
VAREJO_05,2027-01-16,LOJA_01,PROD_01,alimentos,12.25,0,91,31.2,
VAREJO_05,2027-01-16,LOJA_01,PROD_02,alimentos,16.25,1,119,27.8,
VAREJO_05,2027-01-16,LOJA_01,PROD_03,bebidas,8.41,0,164,31.4,
VAREJO_05,2027-01-16,LOJA_01,PROD_04,bebidas,11.69,,169,30.0,
VAREJO_05,2027-01-16,LOJA_01,PROD_05,higiene,27.77,,92,32.2,
VAREJO_05,2027-01-16,LOJA_01,PROD_06,,35.75,0,150,29.4,
VAREJO_05,2027-01-16,LOJA_01,PROD_07, LIMPEZA ,41.99,0,110,29.4,
VAREJO_05,2027-01-16,LOJA_01,PROD_08,,54.39,0,110,28.4,
VAREJO_05,2027-01-16,LOJA_01,PROD_09,utilidades,22.16,0,124,29.2,
VAREJO_05,2027-01-16,LOJA_01,PROD_10,utilidades,25.52,1,111,29.3,
VAREJO_05,2027-01-16,LOJA_02,PROD_01,alimentos,11.87,0,139,,
VAREJO_05,2027-01-16,LOJA_02,PROD_02,alimentos,15.68,1,177,26.7,
VAREJO_05,2027-01-16,LOJA_02,PROD_03,bebidas,6.91,0,120,27.3,
VAREJO_05,2027-01-16,LOJA_02,PROD_04,,12.08,0,168,28.3,
VAREJO_05,2027-01-16,LOJA_02,PROD_05,,22.95,1,179,29.1,
VAREJO_05,2027-01-16,LOJA_02,PROD_06,higiene,35.62,0,165,28.6,
VAREJO_05,2027-01-16,LOJA_02,PROD_07,limpeza,37.12,1,98,,
VAREJO_05,2027-01-16,LOJA_02,PROD_08,limpeza,54.79,0,162,31.2,
VAREJO_05,2027-01-16,LOJA_02,PROD_09,utilidades,19.6,1,135,28.8,
VAREJO_05,2027-01-16,LOJA_02,PROD_10,utilidades,29.25,0,133,28.6,
VAREJO_05,2027-01-16,LOJA_03,PROD_01,alimentos,11.93,0,173,,
VAREJO_05,2027-01-16,LOJA_03,PROD_02,alimentos,17.73,0,141,27.7,
VAREJO_05,2027-01-16,LOJA_03,PROD_03,bebidas,7.06,,135,30.0,
VAREJO_05,2027-01-16,LOJA_03,PROD_04,bebidas,10.62,0,173,28.3,
VAREJO_05,2027-01-16,LOJA_03,PROD_05,higiene,28.67,,91,29.4,
VAREJO_05,2027-01-16,LOJA_03,PROD_06,higiene,35.37,0,176,27.1,
VAREJO_05,2027-01-16,LOJA_03,PROD_07,limpeza,42.35,0,92,30.6,
VAREJO_05,2027-01-16,LOJA_03,PROD_08,limpeza,53.71,0,106,30.8,
VAREJO_05,2027-01-16,LOJA_03,PROD_09,utilidades,21.67,0,100,27.2,
VAREJO_05,2027-01-16,LOJA_03,PROD_10,utilidades,29.48,0,156,25.7,
VAREJO_05,2027-01-16,LOJA_04,PROD_01,alimentos,12.96,0,167,26.3,
VAREJO_05,2027-01-16,LOJA_04,PROD_02,alimentos,16.6,0,108,33.0,
VAREJO_05,2027-01-16,LOJA_04,PROD_03,bebidas,6.77,0,105,,
VAREJO_05,2027-01-16,LOJA_04,PROD_04,bebidas,11.27,0,173,33.6,
VAREJO_05,2027-01-16,LOJA_04,PROD_05,higiene,28.54,nao,,30.7,
VAREJO_05,2027-01-16,LOJA_04,PROD_06,higiene,35.27,0,109,32.1,
VAREJO_05,2027-01-16,LOJA_04,PROD_07,limpeza,42.81,0,168,29.5,
VAREJO_05,2027-01-16,LOJA_04,PROD_08,limpeza,55.01,0,106,30.4,
VAREJO_05,2027-01-16,LOJA_04,PROD_09,utilidades,22.54,0,123,30.3,
VAREJO_05,2027-01-16,LOJA_04,PROD_10,utilidades,29.34,0,160,32.2,
VAREJO_05,2027-01-17,LOJA_01,PROD_01,alimentos,"11,47",0,121,31.4,
VAREJO_05,17/01/2027,LOJA_01,PROD_02,alimentos,18.56,0,91,30.2,
VAREJO_05,2027-01-17,LOJA_01,PROD_03,bebidas,6.52,0,103,31.1,
VAREJO_05,2027-01-17,LOJA_01,PROD_04,bebidas,11.68,0,167,28.8,
VAREJO_05,2027-01-17,LOJA_01,PROD_05,higiene,24.61,1,156,29.2,
VAREJO_05,2027-01-17,LOJA_01,PROD_06,higiene,34.26,0,123,30.5,
VAREJO_05,2027-01-17,LOJA_01,PROD_07,limpeza,42.37,0,153,30.4,
VAREJO_05,2027-01-17,LOJA_01,PROD_08,limpeza,57.27,,134,31.7,
VAREJO_05,2027-01-17,LOJA_01,PROD_09,utilidades,22.3,0,107,,
VAREJO_05,2027-01-17,LOJA_01,PROD_10,utilidades,29.33,0,148,29.2,
VAREJO_05,2027-01-17,LOJA_02,PROD_01,alimentos,11.71,0,175,31.8,
VAREJO_05,2027-01-17,LOJA_02,PROD_02,alimentos,17.92,0,142,27.6,
VAREJO_05,2027-01-17,LOJA_02,PROD_03,bebidas,7.48,nao,96,28.4,
VAREJO_05,2027-01-17,LOJA_02,PROD_04,bebidas,11.18,0,117,30.5,
VAREJO_05,2027-01-17,LOJA_02,PROD_05,higiene,27.14,0,98,31.0,
VAREJO_05,2027-01-17,LOJA_02,PROD_06,higiene,34.66,0,165,28.3,
VAREJO_05,2027-01-17,LOJA_02,PROD_07,limpeza,36.48,1,147,28.0,
VAREJO_05,2027-01-17,LOJA_02,PROD_08,limpeza,,0,124,27.1,
VAREJO_05,2027-01-17,LOJA_02,PROD_09,utilidades,22.05,0,107,32.1,
VAREJO_05,2027-01-17,LOJA_02,PROD_10,utilidades,26.42,1,166,31.7,
VAREJO_05,2027-01-17,LOJA_03,PROD_01,alimentos,12.27,0,163,25.6,
VAREJO_05,2027-01-17,LOJA_03,PROD_02,alimentos,19.48,0,125,,
VAREJO_05,2027-01-17,LOJA_03,PROD_03,bebidas,6.28,0,162,,
VAREJO_05,2027-01-17,LOJA_03,PROD_04,bebidas,9.32,1,129,30.5,
VAREJO_05,2027-01-17,LOJA_03,PROD_05,higiene,27.9,0,118,27.8,
VAREJO_05,2027-01-17,LOJA_03,PROD_06,higiene,34.32,0,130,31.3,
VAREJO_05,2027-01-17,LOJA_03,PROD_07,limpeza,36.56,1,102,28.8,
VAREJO_05,2027-01-17,LOJA_03,PROD_08,limpeza,55.58,0,104,28.3,
VAREJO_05,2027-01-17,LOJA_03,PROD_09,utilidades,22.35,0,163,28.4,
VAREJO_05,2027-01-17,LOJA_03,PROD_10,utilidades,30.55,0,92,28.9,
VAREJO_05,2027-01-17,LOJA_04,PROD_01,alimentos,11.13,sim,146,25.8,
VAREJO_05,2027-01-17,LOJA_04,PROD_02,alimentos,15.76,1,93,,
VAREJO_05,2027-01-17,LOJA_04,PROD_03,bebidas,5.88,1,172,28.4,
VAREJO_05,2027-01-17,LOJA_04,PROD_04,bebidas,,0,91,29.8,
VAREJO_05,2027-01-17,LOJA_04,PROD_05,higiene,28.04,0,111,31.2,
VAREJO_05,2027-01-17,LOJA_04,PROD_06,higiene,29.81,1,175,30.3,
VAREJO_05,2027-01-17,LOJA_04,PROD_07,limpeza,41.65,0,144,29.4,
VAREJO_05,2027-01-17,LOJA_04,PROD_08,limpeza,55.23,0,156,30.1,
VAREJO_05,2027-01-17,LOJA_04,PROD_09,utilidades,22.39,0,134,31.7,
VAREJO_05,2027-01-17,LOJA_04,PROD_10,utilidades,29.84,0,135,27.1,
VAREJO_05,2027-01-18,LOJA_01,PROD_01,alimentos,11.74,0,148,29.8,
VAREJO_05,2027-01-18,LOJA_01,PROD_02,alimentos,18.39,0,121,27.4,
VAREJO_05,2027-01-18,LOJA_01,PROD_03,bebidas,6.91,0,113,30.2,
VAREJO_05,2027-01-18,LOJA_01,PROD_04,bebidas,11.25,0,117,29.0,
VAREJO_05,2027-01-18,LOJA_01,PROD_05,higiene,28.3,0,178,26.8,
VAREJO_05,2027-01-18,LOJA_01,PROD_06,higiene,35.67,0,160,,
VAREJO_05,2027-01-18,LOJA_01,PROD_07,limpeza,42.22,0,95,28.5,
VAREJO_05,2027-01-18,LOJA_01,PROD_08,limpeza,46.8,1,92,31.1,
VAREJO_05,2027-01-18,LOJA_01,PROD_09,utilidades,22.44,0,117,29.7,
VAREJO_05,2027-01-18,LOJA_01,PROD_10,utilidades,25.49,1,142,30.7,
VAREJO_05,2027-01-18,LOJA_02,PROD_01,alimentos,11.93,0,,27.5,
VAREJO_05,2027-01-18,LOJA_02,PROD_02,alimentos,14.47,1,105,28.3,
VAREJO_05,2027-01-18,LOJA_02,PROD_03,bebidas,6.64,0,92,29.3,
VAREJO_05,2027-01-18,LOJA_02,PROD_04,bebidas,9.97,1,125,28.8,
VAREJO_05,2027-01-18,LOJA_02,PROD_05,higiene,27.65,0,101,26.0,
VAREJO_05,2027-01-18,LOJA_02,PROD_06,higiene,34.81,nao,159,27.9,
VAREJO_05,2027-01-18,LOJA_02,PROD_07,limpeza,42.63,0,99,29.7,
VAREJO_05,2027-01-18,LOJA_02,PROD_08,,55.35,0,93,30.6,
VAREJO_05,2027-01-18,LOJA_02,PROD_09,utilidades,19.34,1,169,28.5,
VAREJO_05,2027-01-18,LOJA_02,PROD_10,utilidades,31.04,0,148,26.9,
VAREJO_05,2027-01-18,LOJA_03,PROD_01,alimentos,11.39,0,147,29.3,
VAREJO_05,2027-01-18,LOJA_03,PROD_02,alimentos,16.53,1,159,31.1,
VAREJO_05,2027-01-18,LOJA_03,PROD_03,bebidas,6.5,1,100,33.5,
VAREJO_05,2027-01-18,LOJA_03,PROD_04,bebidas,,0,91,27.0,
VAREJO_05,2027-01-18,LOJA_03,PROD_05, HIGIENE ,28.13,0,174,31.3,
VAREJO_05,2027-01-18,LOJA_03,PROD_06,higiene,30.63,1,119,26.7,
VAREJO_05,2027-01-18,LOJA_03,PROD_07,limpeza,34.95,1,101,28.6,
VAREJO_05,2027-01-18,LOJA_03,PROD_08,limpeza,46.56,1,136,30.3,
VAREJO_05,2027-01-18,LOJA_03,PROD_09,utilidades,,0,122,28.9,
VAREJO_05,2027-01-18,LOJA_03,PROD_10,utilidades,25.61,1,150,30.1,
VAREJO_05,2027-01-18,LOJA_04,PROD_01,alimentos,12.16,0,160,31.2,
VAREJO_05,2027-01-18,LOJA_04,PROD_02,alimentos,18.78,,163,29.4,
VAREJO_05,2027-01-18,LOJA_04,PROD_03,bebidas,,0,95,27.5,
VAREJO_05,2027-01-18,LOJA_04,PROD_04,bebidas,,1,98,28.1,
VAREJO_05,2027-01-18,LOJA_04,PROD_05,higiene,27.79,0,164,28.7,
VAREJO_05,2027-01-18,LOJA_04,PROD_06,higiene,34.36,0,,28.6,
VAREJO_05,2027-01-18,LOJA_04,PROD_07,limpeza,42.52,0,132,28.9,
VAREJO_05,2027-01-18,LOJA_04,PROD_08,limpeza,"54,52",0,,31.7,
VAREJO_05,2027-01-18,LOJA_04,PROD_09,utilidades,22.7,0,144,25.4,
VAREJO_05,2027-01-18,LOJA_04,PROD_10,utilidades,26.03,1,94,28.8,
VAREJO_05,2027-01-19,LOJA_01,PROD_01,alimentos,13.22,0,167,30.2,
VAREJO_05,2027-01-19,LOJA_01,PROD_02,alimentos,,1,118,29.6,
VAREJO_05,2027-01-19,LOJA_01,PROD_03,bebidas,7.22,0,172,28.3,
VAREJO_05,2027-01-19,LOJA_01,PROD_04,bebidas,11.15,0,162,,
VAREJO_05,2027-01-19,LOJA_01,PROD_05,higiene,29.29,0,91,29.9,
VAREJO_05,2027-01-19,LOJA_01,PROD_06,higiene,35.6,0,179,24.5,
VAREJO_05,2027-01-19,LOJA_01,PROD_07,limpeza,41.34,0,,29.0,
VAREJO_05,2027-01-19,LOJA_01,PROD_08,limpeza,55.28,nao,103,26.3,
VAREJO_05,2027-01-19,LOJA_01,PROD_09,utilidades,18.84,1,93,,
VAREJO_05,2027-01-19,LOJA_01,PROD_10,utilidades,29.61,0,174,34.3,
VAREJO_05,2027-01-19,LOJA_02,PROD_01,alimentos,12.95,0,139,26.9,
VAREJO_05,2027-01-19,LOJA_02,PROD_02,alimentos,17.65,0,165,27.9,
VAREJO_05,2027-01-19,LOJA_02,PROD_03,bebidas,7.53,0,146,28.2,
VAREJO_05,2027-01-19,LOJA_02,PROD_04,bebidas,"11,2",,127,29.9,
VAREJO_05,2027-01-19,LOJA_02,PROD_05,higiene,27.76,0,172,28.4,
VAREJO_05,2027-01-19,LOJA_02,PROD_06,higiene,29.43,1,138,,
VAREJO_05,2027-01-19,LOJA_02,PROD_07,limpeza,42.27,0,93,29.4,
VAREJO_05,2027-01-19,LOJA_02,PROD_08,limpeza,47.56,1,145,29.1,
VAREJO_05,2027-01-19,LOJA_02,PROD_09,utilidades,21.73,0,,30.2,
VAREJO_05,2027-01-19,LOJA_02,PROD_10,utilidades,28.59,0,93,26.7,
VAREJO_05,2027-01-19,LOJA_03,PROD_01,,11.78,0,175,28.2,
VAREJO_05,2027-01-19,LOJA_03,PROD_02,alimentos,14.34,1,162,30.2,
VAREJO_05,2027-01-19,LOJA_03,PROD_03,bebidas,6.66,1,134,30.2,
VAREJO_05,2027-01-19,LOJA_03,PROD_04,bebidas,10.87,0,174,32.1,
VAREJO_05,2027-01-19,LOJA_03,PROD_05,higiene,28.32,0,167,28.9,
VAREJO_05,2027-01-19,LOJA_03,PROD_06,higiene,35.39,0,99,25.8,
VAREJO_05,2027-01-19,LOJA_03,PROD_07,limpeza,36.68,1,145,28.3,
VAREJO_05,2027-01-19,LOJA_03,PROD_08,limpeza,55.36,0,154,30.1,
VAREJO_05,2027-01-19,LOJA_03,PROD_09,utilidades,21.68,0,129,32.3,
VAREJO_05,2027-01-19,LOJA_03,PROD_10,utilidades,26.79,1,107,28.6,
VAREJO_05,2027-01-19,LOJA_04,PROD_01,alimentos,12.06,0,93,29.0,
VAREJO_05,2027-01-19,LOJA_04,PROD_02,alimentos,16.39,1,142,29.4,
VAREJO_05,2027-01-19,LOJA_04,PROD_03,bebidas,6.66,0,95,30.0,
VAREJO_05,2027-01-19,LOJA_04,PROD_04,bebidas,10.95,0,153,32.1,
VAREJO_05,2027-01-19,LOJA_04,PROD_05,higiene,26.67,0,115,28.9,
VAREJO_05,2027-01-19,LOJA_04,PROD_06,higiene,34.88,0,118,29.8,
VAREJO_05,2027-01-19,LOJA_04,PROD_07,limpeza,41.92,0,128,30.0,
VAREJO_05,2027-01-19,LOJA_04,PROD_08,limpeza,"54,5",0,158,31.2,
VAREJO_05,2027-01-19,LOJA_04,PROD_09,utilidades,17.8,1,172,30.0,
VAREJO_05,2027-01-19,LOJA_04,PROD_10,utilidades,29.28,,92,30.4,
VAREJO_05,2027-01-20,LOJA_01,PROD_01,alimentos,"11,83",0,100,32.0,
VAREJO_05,2027-01-20,LOJA_01,PROD_02,alimentos,15.52,1,138,31.2,
VAREJO_05,2027-01-20,LOJA_01,PROD_03,bebidas,6.86,0,97,28.0,
VAREJO_05,2027-01-20,LOJA_01,PROD_04,,9.09,0,121,26.5,
VAREJO_05,2027-01-20,LOJA_01,PROD_05,higiene,25.36,1,113,30.7,
VAREJO_05,2027-01-20,LOJA_01,PROD_06,higiene,28.99,,9999,30.0,
VAREJO_05,2027-01-20,LOJA_01,PROD_07,limpeza,41.74,0,135,32.3,
VAREJO_05,2027-01-20,LOJA_01,PROD_08,,55.74,0,100,28.2,
VAREJO_05,2027-01-20,LOJA_01,PROD_09,utilidades,21.6,0,144,26.6,
VAREJO_05,2027-01-20,LOJA_01,PROD_10,utilidades,26.44,1,,29.9,
VAREJO_05,2027-01-20,LOJA_02,PROD_01,alimentos,11.21,0,158,28.9,
VAREJO_05,2027-01-20,LOJA_02,PROD_02,alimentos,15.28,1,147,31.1,
VAREJO_05,2027-01-20,LOJA_02,PROD_03,bebidas,7.02,0,113,30.5,
VAREJO_05,2027-01-20,LOJA_02,PROD_04,bebidas,10.98,0,169,26.4,
VAREJO_05,2027-01-20,LOJA_02,PROD_05,higiene,29.32,0,179,29.5,
VAREJO_05,2027-01-20,LOJA_02,PROD_06,higiene,35.77,0,168,31.0,
VAREJO_05,2027-01-20,LOJA_02,PROD_07,limpeza,42.06,0,175,27.7,
VAREJO_05,2027-01-20,LOJA_02,PROD_08,limpeza,55.4,0,114,30.2,
VAREJO_05,2027-01-20,LOJA_02,PROD_09,utilidades,18.74,1,118,36.0,
VAREJO_05,2027-01-20,LOJA_02,PROD_10,utilidades,25.89,1,,31.5,
VAREJO_05,2027-01-20,LOJA_03,PROD_01,alimentos,11.45,0,177,27.2,
VAREJO_05,2027-01-20,LOJA_03,PROD_02, ALIMENTOS ,16.55,1,116,27.1,
VAREJO_05,2027-01-20,LOJA_03,PROD_03,bebidas,5.49,1,161,31.0,
VAREJO_05,2027-01-20,LOJA_03,PROD_04,bebidas,9.38,1,137,33.7,
VAREJO_05,2027-01-20,LOJA_03,PROD_05,higiene,24.01,1,127,27.2,
VAREJO_05,2027-01-20,LOJA_03,PROD_06,higiene,35.25,0,137,28.7,
VAREJO_05,2027-01-20,LOJA_03,PROD_07,limpeza,42.45,0,143,25.7,
VAREJO_05,2027-01-20,LOJA_03,PROD_08,limpeza,,0,111,27.0,
VAREJO_05,2027-01-20,LOJA_03,PROD_09,utilidades,22.07,0,133,26.8,
VAREJO_05,2027-01-20,LOJA_03,PROD_10,utilidades,30.03,0,112,28.8,
VAREJO_05,2027-01-20,LOJA_04,PROD_01,alimentos,11.64,0,127,32.0,
VAREJO_05,2027-01-20,LOJA_04,PROD_02,alimentos,17.67,0,104,33.0,
VAREJO_05,2027-01-20,LOJA_04,PROD_03,bebidas,6.81,0,158,30.2,
VAREJO_05,2027-01-20,LOJA_04,PROD_04,bebidas,10.55,0,94,,
VAREJO_05,2027-01-20,LOJA_04,PROD_05,higiene,28.94,0,158,30.3,
VAREJO_05,2027-01-20,LOJA_04,PROD_06,higiene,35.11,0,106,29.6,
VAREJO_05,2027-01-20,LOJA_04,PROD_07,limpeza,36.87,1,116,27.3,
VAREJO_05,2027-01-20,LOJA_04,PROD_08,limpeza,54.95,0,107,28.0,
VAREJO_05,2027-01-20,LOJA_04,PROD_09,utilidades,18.4,1,91,30.5,
VAREJO_05,2027-01-20,LOJA_04,PROD_10,utilidades,30.74,0,136,29.6,
VAREJO_05,2027-01-21,LOJA_01,PROD_01, ALIMENTOS ,10.92,0,136,29.7,
VAREJO_05,2027-01-21,LOJA_01,PROD_02,alimentos,17.3,0,176,30.2,
VAREJO_05,2027-01-21,LOJA_01,PROD_03,bebidas,5.3,1,177,29.9,
VAREJO_05,2027-01-21,LOJA_01,PROD_04,bebidas,11.15,nao,116,29.5,
VAREJO_05,2027-01-21,LOJA_01,PROD_05,higiene,27.65,0,162,26.6,
VAREJO_05,2027-01-21,LOJA_01,PROD_06,higiene,34.7,0,128,28.8,
VAREJO_05,2027-01-21,LOJA_01,PROD_07,limpeza,42.11,0,125,30.0,
VAREJO_05,2027-01-21,LOJA_01,PROD_08,limpeza,54.74,0,144,27.1,
VAREJO_05,2027-01-21,LOJA_01,PROD_09,utilidades,19.85,,148,28.1,
VAREJO_05,2027-01-21,LOJA_01,PROD_10,utilidades,30.19,0,179,27.2,
VAREJO_05,2027-01-21,LOJA_02,PROD_01,alimentos,11.61,0,147,28.6,
VAREJO_05,2027-01-21,LOJA_02,PROD_02,alimentos,18.24,0,136,,
VAREJO_05,2027-01-21,LOJA_02,PROD_03,bebidas,5.68,1,124,30.1,
VAREJO_05,2027-01-21,LOJA_02,PROD_04,bebidas,11.79,0,158,28.1,
VAREJO_05,2027-01-21,LOJA_02,PROD_05,higiene,23.57,1,146,27.9,
VAREJO_05,2027-01-21,LOJA_02,PROD_06,,35.41,0,177,29.5,
VAREJO_05,2027-01-21,LOJA_02,PROD_07,limpeza,41.8,0,142,30.7,
VAREJO_05,2027-01-21,LOJA_02,PROD_08,limpeza,55.61,0,177,27.7,
VAREJO_05,2027-01-21,LOJA_02,PROD_09,utilidades,18.01,1,116,31.0,
VAREJO_05,2027-01-21,LOJA_02,PROD_10,utilidades,30.0,0,173,29.4,
VAREJO_05,2027-01-21,LOJA_03,PROD_01,alimentos,10.87,1,102,,
VAREJO_05,2027-01-21,LOJA_03,PROD_02,alimentos,17.71,,176,28.4,
VAREJO_05,2027-01-21,LOJA_03,PROD_03,,7.19,0,127,29.0,
VAREJO_05,2027-01-21,LOJA_03,PROD_04,bebidas,11.15,0,178,28.1,
VAREJO_05,2027-01-21,LOJA_03,PROD_05,higiene,23.72,1,153,31.1,
VAREJO_05,2027-01-21,LOJA_03,PROD_06,higiene,34.15,0,152,32.6,
VAREJO_05,2027-01-21,LOJA_03,PROD_07,,41.13,0,123,30.4,
VAREJO_05,2027-01-21,LOJA_03,PROD_08,limpeza,55.06,0,112,29.9,
VAREJO_05,2027-01-21,LOJA_03,PROD_09,utilidades,18.82,1,149,28.0,
VAREJO_05,2027-01-21,LOJA_03,PROD_10,utilidades,30.24,0,125,29.4,
VAREJO_05,2027-01-21,LOJA_04,PROD_01,alimentos,12.76,0,109,26.9,
VAREJO_05,2027-01-21,LOJA_04,PROD_02,alimentos,15.72,1,112,27.7,
VAREJO_05,2027-01-21,LOJA_04,PROD_03,bebidas,7.14,0,175,28.5,
VAREJO_05,2027-01-21,LOJA_04,PROD_04,bebidas,9.21,1,121,,
VAREJO_05,2027-01-21,LOJA_04,PROD_05,higiene,24.58,1,156,26.4,
VAREJO_05,2027-01-21,LOJA_04,PROD_06,higiene,35.53,0,127,31.9,
VAREJO_05,2027-01-21,LOJA_04,PROD_07,limpeza,42.38,0,137,28.2,
VAREJO_05,2027-01-21,LOJA_04,PROD_08,limpeza,,0,141,29.7,
VAREJO_05,2027-01-21,LOJA_04,PROD_09,utilidades,20.84,0,117,27.4,
VAREJO_05,2027-01-21,LOJA_04,PROD_10,utilidades,29.47,0,92,,
VAREJO_05,2027-01-22,LOJA_01,PROD_01,alimentos,9.53,1,,29.6,
VAREJO_05,2027-01-22,LOJA_01,PROD_02,alimentos,18.18,0,109,28.3,
VAREJO_05,2027-01-22,LOJA_01,PROD_03,bebidas,7.19,0,90,28.9,
VAREJO_05,2027-01-22,LOJA_01,PROD_04,bebidas,10.96,0,105,28.1,
VAREJO_05,2027-01-22,LOJA_01,PROD_05,higiene,28.29,0,158,31.0,
VAREJO_05,2027-01-22,LOJA_01,PROD_06,higiene,35.51,0,131,32.6,
VAREJO_05,2027-01-22,LOJA_01,PROD_07,limpeza,43.08,0,155,30.5,
VAREJO_05,2027-01-22,LOJA_01,PROD_08, LIMPEZA ,54.89,,,32.9,
VAREJO_05,2027-01-22,LOJA_01,PROD_09,utilidades,21.53,0,167,26.7,
VAREJO_05,2027-01-22,LOJA_01,PROD_10,utilidades,29.17,0,90,30.6,
VAREJO_05,2027-01-22,LOJA_02,PROD_01,alimentos,12.63,0,112,,
VAREJO_05,2027-01-22,LOJA_02,PROD_02,alimentos,,1,94,31.7,
VAREJO_05,2027-01-22,LOJA_02,PROD_03,bebidas,5.64,1,167,30.8,
VAREJO_05,2027-01-22,LOJA_02,PROD_04,bebidas,11.42,0,131,27.8,
VAREJO_05,2027-01-22,LOJA_02,PROD_05,higiene,28.42,0,130,31.6,
VAREJO_05,22/01/2027,LOJA_02,PROD_06,higiene,35.08,0,107,29.8,
VAREJO_05,2027-01-22,LOJA_02,PROD_07,limpeza,36.7,1,121,29.5,
VAREJO_05,2027-01-22,LOJA_02,PROD_08,limpeza,47.62,,115,28.5,
VAREJO_05,2027-01-22,LOJA_02,PROD_09,utilidades,21.52,0,114,29.8,
VAREJO_05,2027-01-22,LOJA_02,PROD_10,,30.01,0,162,29.1,
VAREJO_05,2027-01-22,LOJA_03,PROD_01,alimentos,12.6,0,177,31.7,
VAREJO_05,2027-01-22,LOJA_03,PROD_02,alimentos,15.05,1,162,27.6,
VAREJO_05,2027-01-22,LOJA_03,PROD_03,bebidas,5.88,0,165,26.6,
VAREJO_05,2027-01-22,LOJA_03,PROD_04,bebidas,11.33,0,179,27.7,
VAREJO_05,2027-01-22,LOJA_03,PROD_05,higiene,27.17,0,141,32.1,
VAREJO_05,2027-01-22,LOJA_03,PROD_06,higiene,34.45,0,152,31.4,
VAREJO_05,2027-01-22,LOJA_03,PROD_07,limpeza,36.77,1,162,34.1,
VAREJO_05,2027-01-22,LOJA_03,PROD_08,limpeza,47.63,,125,30.1,
VAREJO_05,2027-01-22,LOJA_03,PROD_09,utilidades,22.01,0,148,32.3,
VAREJO_05,2027-01-22,LOJA_03,PROD_10,utilidades,30.95,0,152,,
VAREJO_05,2027-01-22,LOJA_04,PROD_01,alimentos,9.48,sim,161,29.4,
VAREJO_05,2027-01-22,LOJA_04,PROD_02,alimentos,16.92,0,109,,
VAREJO_05,2027-01-22,LOJA_04,PROD_03, BEBIDAS ,4.96,1,133,33.0,
VAREJO_05,2027-01-22,LOJA_04,PROD_04,bebidas,10.33,0,106,29.1,
VAREJO_05,2027-01-22,LOJA_04,PROD_05,higiene,,,96,30.5,
VAREJO_05,2027-01-22,LOJA_04,PROD_06,higiene,30.87,1,,31.9,
VAREJO_05,2027-01-22,LOJA_04,PROD_07,,42.55,0,131,27.8,
VAREJO_05,2027-01-22,LOJA_04,PROD_08,limpeza,54.37,0,112,,
VAREJO_05,2027-01-22,LOJA_04,PROD_09,utilidades,22.7,0,125,28.1,
VAREJO_05,2027-01-22,LOJA_04,PROD_10,utilidades,30.46,0,178,29.4,
VAREJO_05,2027-01-23,LOJA_01,PROD_01,alimentos,12.0,0,142,30.5,
VAREJO_05,2027-01-23,LOJA_01,PROD_02,alimentos,15.34,1,129,30.9,
VAREJO_05,2027-01-23,LOJA_01,PROD_03,bebidas,,0,163,28.5,
VAREJO_05,2027-01-23,LOJA_01,PROD_04,bebidas,10.92,0,130,28.1,
VAREJO_05,2027-01-23,LOJA_01,PROD_05,higiene,,0,96,29.3,
VAREJO_05,2027-01-23,LOJA_01,PROD_06,higiene,34.8,0,131,,
VAREJO_05,2027-01-23,LOJA_01,PROD_07,limpeza,41.49,0,,28.4,
VAREJO_05,2027-01-23,LOJA_01,PROD_08,limpeza,48.41,1,104,30.2,
VAREJO_05,2027-01-23,LOJA_01,PROD_09,utilidades,22.32,0,93,30.0,
VAREJO_05,2027-01-23,LOJA_01,PROD_10,utilidades,31.3,,148,29.1,
VAREJO_05,2027-01-23,LOJA_02,PROD_01,alimentos,12.08,0,157,30.9,
VAREJO_05,2027-01-23,LOJA_02,PROD_02,alimentos,16.18,0,154,30.4,
VAREJO_05,2027-01-23,LOJA_02,PROD_03,bebidas,7.39,0,145,28.3,
VAREJO_05,2027-01-23,LOJA_02,PROD_04,bebidas,10.92,0,90,28.4,
VAREJO_05,2027-01-23,LOJA_02,PROD_05,higiene,27.69,0,134,29.3,
VAREJO_05,2027-01-23,LOJA_02,PROD_06,higiene,34.14,0,117,24.8,
VAREJO_05,2027-01-23,LOJA_02,PROD_07,limpeza,41.74,0,150,29.8,
VAREJO_05,2027-01-23,LOJA_02,PROD_08,limpeza,"46,79",1,121,25.2,
VAREJO_05,2027-01-23,LOJA_02,PROD_09,utilidades,18.55,1,141,32.3,
VAREJO_05,2027-01-23,LOJA_02,PROD_10,utilidades,29.43,0,123,34.1,
VAREJO_05,2027-01-23,LOJA_03,PROD_01,alimentos,11.67,0,137,27.0,
VAREJO_05,2027-01-23,LOJA_03,PROD_02,alimentos,17.56,0,167,26.8,
VAREJO_05,2027-01-23,LOJA_03,PROD_03,bebidas,7.38,0,132,29.5,
VAREJO_05,2027-01-23,LOJA_03,PROD_04, BEBIDAS ,10.04,0,170,28.4,
VAREJO_05,2027-01-23,LOJA_03,PROD_05,higiene,24.47,1,,29.6,
VAREJO_05,2027-01-23,LOJA_03,PROD_06,higiene,35.88,0,161,30.7,
VAREJO_05,2027-01-23,LOJA_03,PROD_07,limpeza,-99.00,0,103,28.5,
VAREJO_05,2027-01-23,LOJA_03,PROD_08,limpeza,54.28,0,153,31.5,
VAREJO_05,2027-01-23,LOJA_03,PROD_09,utilidades,21.99,0,178,28.6,
VAREJO_05,2027-01-23,LOJA_03,PROD_10,,30.25,0,152,27.0,
VAREJO_05,2027-01-23,LOJA_04,PROD_01,alimentos,12.88,0,136,28.2,
VAREJO_05,23/01/2027,LOJA_04,PROD_02,alimentos,17.8,0,170,28.0,
VAREJO_05,2027-01-23,LOJA_04,PROD_03,bebidas,7.65,0,155,29.7,
VAREJO_05,2027-01-23,LOJA_04,PROD_04,bebidas,10.3,0,144,28.5,
VAREJO_05,2027-01-23,LOJA_04,PROD_05,higiene,24.56,,176,28.6,
VAREJO_05,2027-01-23,LOJA_04,PROD_06,higiene,34.84,0,122,28.5,
VAREJO_05,2027-01-23,LOJA_04,PROD_07,limpeza,41.43,0,121,28.4,
VAREJO_05,2027-01-23,LOJA_04,PROD_08,limpeza,54.39,0,170,30.7,
VAREJO_05,2027-01-23,LOJA_04,PROD_09,utilidades,,0,100,29.7,
VAREJO_05,2027-01-23,LOJA_04,PROD_10,utilidades,29.57,,125,28.8,
VAREJO_05,2027-01-24,LOJA_01,PROD_01,alimentos,12.55,0,169,29.3,
VAREJO_05,2027-01-24,LOJA_01,PROD_02,alimentos,17.98,0,97,29.5,
VAREJO_05,2027-01-24,LOJA_01,PROD_03,bebidas,7.38,0,112,31.1,
VAREJO_05,2027-01-24,LOJA_01,PROD_04,bebidas,10.56,,104,,
VAREJO_05,2027-01-24,LOJA_01,PROD_05,higiene,23.23,1,105,28.5,
VAREJO_05,2027-01-24,LOJA_01,PROD_06,higiene,30.52,1,175,33.4,
VAREJO_05,2027-01-24,LOJA_01,PROD_07,limpeza,41.75,0,108,27.5,
VAREJO_05,2027-01-24,LOJA_01,PROD_08,limpeza,54.84,0,130,27.0,
VAREJO_05,2027-01-24,LOJA_01,PROD_09,,22.95,0,136,29.8,
VAREJO_05,2027-01-24,LOJA_01,PROD_10,utilidades,,,96,30.2,
VAREJO_05,2027-01-24,LOJA_02,PROD_01,alimentos,10.07,1,128,27.8,
VAREJO_05,2027-01-24,LOJA_02,PROD_02,alimentos,17.68,0,108,,
VAREJO_05,2027-01-24,LOJA_02,PROD_03,bebidas,7.54,0,169,31.4,
VAREJO_05,2027-01-24,LOJA_02,PROD_04,bebidas,11.25,0,149,27.9,
VAREJO_05,2027-01-24,LOJA_02,PROD_05,,28.41,0,151,30.1,
VAREJO_05,2027-01-24,LOJA_02,PROD_06,higiene,29.67,1,134,33.5,
VAREJO_05,2027-01-24,LOJA_02,PROD_07,limpeza,34.78,,154,29.2,
VAREJO_05,2027-01-24,LOJA_02,PROD_08,limpeza,,0,,,
VAREJO_05,2027-01-24,LOJA_02,PROD_09,utilidades,18.56,1,163,29.4,
VAREJO_05,2027-01-24,LOJA_02,PROD_10,utilidades,25.01,1,144,29.9,
VAREJO_05,2027-01-24,LOJA_03,PROD_01,alimentos,11.74,1,118,30.7,
VAREJO_05,2027-01-24,LOJA_03,PROD_02,alimentos,18.61,0,133,27.5,
VAREJO_05,2027-01-24,LOJA_03,PROD_03,bebidas,7.2,0,142,30.5,
VAREJO_05,2027-01-24,LOJA_03,PROD_04,bebidas,8.8,1,134,27.7,
VAREJO_05,2027-01-24,LOJA_03,PROD_05,higiene,27.43,0,156,29.8,
VAREJO_05,2027-01-24,LOJA_03,PROD_06,higiene,36.05,0,125,27.5,
VAREJO_05,2027-01-24,LOJA_03,PROD_07,limpeza,41.3,0,135,28.6,
VAREJO_05,2027-01-24,LOJA_03,PROD_08,limpeza,47.13,1,178,29.6,
VAREJO_05,2027-01-24,LOJA_03,PROD_09,utilidades,18.82,1,176,29.9,
VAREJO_05,2027-01-24,LOJA_03,PROD_10,utilidades,30.5,0,102,27.8,
VAREJO_05,2027-01-24,LOJA_04,PROD_01,alimentos,,0,156,28.3,
VAREJO_05,2027-01-24,LOJA_04,PROD_02,alimentos,14.98,1,92,29.0,
VAREJO_05,2027-01-24,LOJA_04,PROD_03,bebidas,7.3,0,97,27.7,
VAREJO_05,2027-01-24,LOJA_04,PROD_04,bebidas,10.21,0,175,25.2,
VAREJO_05,2027-01-24,LOJA_04,PROD_05,higiene,28.27,0,162,29.9,
VAREJO_05,2027-01-24,LOJA_04,PROD_06,higiene,34.42,0,125,30.2,
VAREJO_05,2027-01-24,LOJA_04,PROD_07,limpeza,41.6,0,111,28.3,
VAREJO_05,2027-01-24,LOJA_04,PROD_08,limpeza,55.77,0,151,29.2,
VAREJO_05,2027-01-24,LOJA_04,PROD_09,utilidades,23.06,,179,30.2,
VAREJO_05,2027-01-24,LOJA_04,PROD_10,utilidades,,0,108,30.3,
VAREJO_05,25/01/2027,LOJA_01,PROD_01,alimentos,9.38,1,,,
VAREJO_05,2027-01-25,LOJA_01,PROD_02,alimentos,17.77,,92,29.3,
VAREJO_05,2027-01-25,LOJA_01,PROD_03,bebidas,5.84,1,141,29.2,
VAREJO_05,2027-01-25,LOJA_01,PROD_04, BEBIDAS ,11.13,0,122,27.7,
VAREJO_05,2027-01-25,LOJA_01,PROD_05,higiene,22.68,1,128,,
VAREJO_05,2027-01-25,LOJA_01,PROD_06,higiene,35.2,0,101,28.4,
VAREJO_05,2027-01-25,LOJA_01,PROD_07,limpeza,36.7,1,156,28.5,
VAREJO_05,2027-01-25,LOJA_01,PROD_08,limpeza,54.84,0,150,31.0,
VAREJO_05,2027-01-25,LOJA_01,PROD_09,utilidades,22.22,0,169,29.9,
VAREJO_05,2027-01-25,LOJA_01,PROD_10,utilidades,25.61,1,,30.6,
VAREJO_05,2027-01-25,LOJA_02,PROD_01,alimentos,12.93,0,158,31.8,
VAREJO_05,25/01/2027,LOJA_02,PROD_02,alimentos,16.99,0,110,31.2,
VAREJO_05,2027-01-25,LOJA_02,PROD_03,bebidas,6.62,1,131,30.9,
VAREJO_05,25/01/2027,LOJA_02,PROD_04,bebidas,11.36,0,132,30.7,
VAREJO_05,2027-01-25,LOJA_02,PROD_05,higiene,24.59,1,102,31.1,
VAREJO_05,2027-01-25,LOJA_02,PROD_06,higiene,34.79,0,101,30.4,
VAREJO_05,2027-01-25,LOJA_02,PROD_07,limpeza,42.15,0,94,31.3,
VAREJO_05,2027-01-25,LOJA_02,PROD_08,limpeza,55.98,0,149,29.0,
VAREJO_05,2027-01-25,LOJA_02,PROD_09, UTILIDADES ,20.97,0,106,29.2,
VAREJO_05,2027-01-25,LOJA_02,PROD_10,utilidades,29.91,0,156,28.2,
VAREJO_05,2027-01-25,LOJA_03,PROD_01,alimentos,10.07,,125,29.3,
VAREJO_05,2027-01-25,LOJA_03,PROD_02,alimentos,15.64,1,169,33.6,
VAREJO_05,2027-01-25,LOJA_03,PROD_03,bebidas,,0,99,28.0,
VAREJO_05,2027-01-25,LOJA_03,PROD_04,bebidas,11.07,0,173,24.3,
VAREJO_05,2027-01-25,LOJA_03,PROD_05,higiene,23.73,1,130,28.6,
VAREJO_05,2027-01-25,LOJA_03,PROD_06,higiene,35.89,0,163,30.8,
VAREJO_05,2027-01-25,LOJA_03,PROD_07,limpeza,41.77,0,153,31.0,
VAREJO_05,2027-01-25,LOJA_03,PROD_08,limpeza,47.91,1,118,31.7,
VAREJO_05,2027-01-25,LOJA_03,PROD_09,utilidades,21.61,0,109,29.8,
VAREJO_05,2027-01-25,LOJA_03,PROD_10,utilidades,28.95,0,123,28.0,
VAREJO_05,2027-01-25,LOJA_04,PROD_01,alimentos,13.21,0,109,28.1,
VAREJO_05,2027-01-25,LOJA_04,PROD_02,,18.74,0,157,27.4,
VAREJO_05,2027-01-25,LOJA_04,PROD_03,bebidas,6.31,0,177,28.5,
VAREJO_05,2027-01-25,LOJA_04,PROD_04,,11.11,0,119,30.2,
VAREJO_05,2027-01-25,LOJA_04,PROD_05,higiene,27.87,0,109,27.4,
VAREJO_05,2027-01-25,LOJA_04,PROD_06,higiene,34.87,0,119,29.3,
VAREJO_05,2027-01-25,LOJA_04,PROD_07,limpeza,36.68,1,163,29.6,
VAREJO_05,2027-01-25,LOJA_04,PROD_08,limpeza,"47,56",1,107,31.5,
VAREJO_05,2027-01-25,LOJA_04,PROD_09,utilidades,18.99,1,162,,
VAREJO_05,2027-01-25,LOJA_04,PROD_10,utilidades,30.98,0,139,31.2,
VAREJO_05,2027-01-26,LOJA_01,PROD_01,alimentos,11.01,0,179,29.3,
VAREJO_05,2027-01-26,LOJA_01,PROD_02,alimentos,19.25,0,173,24.8,
VAREJO_05,2027-01-26,LOJA_01,PROD_03,bebidas,7.56,0,157,28.7,
VAREJO_05,2027-01-26,LOJA_01,PROD_04,bebidas,11.62,0,156,27.8,
VAREJO_05,2027-01-26,LOJA_01,PROD_05,higiene,27.29,0,149,28.7,
VAREJO_05,2027-01-26,LOJA_01,PROD_06,higiene,35.07,0,98,32.6,
VAREJO_05,2027-01-26,LOJA_01,PROD_07,limpeza,43.01,0,146,30.4,
VAREJO_05,2027-01-26,LOJA_01,PROD_08,limpeza,54.53,0,153,28.9,
VAREJO_05,2027-01-26,LOJA_01,PROD_09,utilidades,22.03,0,138,27.8,
VAREJO_05,2027-01-26,LOJA_01,PROD_10,utilidades,28.35,0,147,28.6,
VAREJO_05,2027-01-26,LOJA_02,PROD_01,,11.82,0,141,25.7,
VAREJO_05,2027-01-26,LOJA_02,PROD_02,alimentos,18.91,0,92,30.2,
VAREJO_05,2027-01-26,LOJA_02,PROD_03,bebidas,6.4,0,,29.0,
VAREJO_05,2027-01-26,LOJA_02,PROD_04,bebidas,,,153,28.1,
VAREJO_05,2027-01-26,LOJA_02,PROD_05,higiene,27.32,0,177,30.2,
VAREJO_05,2027-01-26,LOJA_02,PROD_06,higiene,34.55,0,113,29.0,
VAREJO_05,2027-01-26,LOJA_02,PROD_07,limpeza,41.63,0,160,30.6,
VAREJO_05,2027-01-26,LOJA_02,PROD_08,limpeza,55.32,0,173,28.3,
VAREJO_05,2027-01-26,LOJA_02,PROD_09,utilidades,21.54,,160,28.2,
VAREJO_05,2027-01-26,LOJA_02,PROD_10,utilidades,31.18,0,128,27.9,
VAREJO_05,2027-01-26,LOJA_03,PROD_01,alimentos,11.46,0,173,26.9,
VAREJO_05,2027-01-26,LOJA_03,PROD_02,alimentos,15.03,1,109,25.6,
VAREJO_05,2027-01-26,LOJA_03,PROD_03,bebidas,4.57,1,135,27.0,
VAREJO_05,26/01/2027,LOJA_03,PROD_04,,10.5,0,139,27.9,
VAREJO_05,2027-01-26,LOJA_03,PROD_05,higiene,23.69,1,139,28.3,
VAREJO_05,2027-01-26,LOJA_03,PROD_06,higiene,34.46,0,110,,
VAREJO_05,2027-01-26,LOJA_03,PROD_07,limpeza,42.11,0,103,29.2,
VAREJO_05,2027-01-26,LOJA_03,PROD_08,,54.76,,136,26.6,
VAREJO_05,2027-01-26,LOJA_03,PROD_09,utilidades,21.64,,,27.9,
VAREJO_05,2027-01-26,LOJA_03,PROD_10,utilidades,25.58,1,147,30.2,
VAREJO_05,2027-01-26,LOJA_04,PROD_01,alimentos,11.45,,141,31.2,
VAREJO_05,2027-01-26,LOJA_04,PROD_02,alimentos,17.13,0,92,27.8,
VAREJO_05,2027-01-26,LOJA_04,PROD_03,bebidas,7.56,0,112,30.1,
VAREJO_05,2027-01-26,LOJA_04,PROD_04,bebidas,10.95,1,155,30.4,
VAREJO_05,2027-01-26,LOJA_04,PROD_05,,28.04,0,125,28.9,
VAREJO_05,2027-01-26,LOJA_04,PROD_06,higiene,34.29,0,112,29.4,
VAREJO_05,2027-01-26,LOJA_04,PROD_07,limpeza,41.97,0,146,29.7,
VAREJO_05,2027-01-26,LOJA_04,PROD_08,limpeza,54.4,0,99,27.0,
VAREJO_05,2027-01-26,LOJA_04,PROD_09,utilidades,22.44,0,163,24.5,
VAREJO_05,2027-01-26,LOJA_04,PROD_10,utilidades,29.66,0,111,28.8,
VAREJO_05,2027-01-27,LOJA_01,PROD_01,alimentos,11.28,0,,29.9,
VAREJO_05,2027-01-27,LOJA_01,PROD_02,alimentos,16.05,1,130,31.4,
VAREJO_05,2027-01-27,LOJA_01,PROD_03,,6.3,0,,28.6,
VAREJO_05,2027-01-27,LOJA_01,PROD_04,bebidas,11.13,0,178,30.9,
VAREJO_05,2027-01-27,LOJA_01,PROD_05,,28.72,0,144,28.4,
VAREJO_05,2027-01-27,LOJA_01,PROD_06,higiene,35.19,0,104,30.3,
VAREJO_05,2027-01-27,LOJA_01,PROD_07,,41.41,0,113,31.0,
VAREJO_05,2027-01-27,LOJA_01,PROD_08,limpeza,55.14,0,172,30.6,
VAREJO_05,2027-01-27,LOJA_01,PROD_09,utilidades,,,125,30.6,
VAREJO_05,2027-01-27,LOJA_01,PROD_10,utilidades,30.9,0,176,32.6,
VAREJO_05,2027-01-27,LOJA_02,PROD_01,,12.4,0,172,,
VAREJO_05,2027-01-27,LOJA_02,PROD_02,alimentos,18.88,0,,27.7,
VAREJO_05,2027-01-27,LOJA_02,PROD_03,bebidas,7.01,0,168,28.1,
VAREJO_05,2027-01-27,LOJA_02,PROD_04,bebidas,10.85,0,172,28.5,
VAREJO_05,2027-01-27,LOJA_02,PROD_05,higiene,28.14,0,150,29.2,
VAREJO_05,2027-01-27,LOJA_02,PROD_06,higiene,30.59,1,103,29.5,
VAREJO_05,2027-01-27,LOJA_02,PROD_07,limpeza,42.79,0,166,28.3,
VAREJO_05,2027-01-27,LOJA_02,PROD_08,limpeza,54.77,0,152,28.9,
VAREJO_05,2027-01-27,LOJA_02,PROD_09,utilidades,21.1,0,124,32.8,
VAREJO_05,2027-01-27,LOJA_02,PROD_10,utilidades,29.98,,116,,
VAREJO_05,2027-01-27,LOJA_03,PROD_01,alimentos,9.66,,120,26.4,
VAREJO_05,2027-01-27,LOJA_03,PROD_02,alimentos,16.87,0,122,27.9,
VAREJO_05,2027-01-27,LOJA_03,PROD_03,,6.71,0,107,27.0,
VAREJO_05,2027-01-27,LOJA_03,PROD_04,,9.15,1,178,28.9,
VAREJO_05,2027-01-27,LOJA_03,PROD_05,higiene,24.55,,151,31.4,
VAREJO_05,2027-01-27,LOJA_03,PROD_06,higiene,29.84,1,,31.6,
VAREJO_05,2027-01-27,LOJA_03,PROD_07,,36.05,1,125,31.7,
VAREJO_05,2027-01-27,LOJA_03,PROD_08,limpeza,,0,116,30.3,
VAREJO_05,2027-01-27,LOJA_03,PROD_09,utilidades,18.77,1,150,30.1,
VAREJO_05,2027-01-27,LOJA_03,PROD_10,utilidades,29.61,0,176,28.0,
VAREJO_05,2027-01-27,LOJA_04,PROD_01,alimentos,10.91,1,176,31.8,
VAREJO_05,2027-01-27,LOJA_04,PROD_02,alimentos,17.82,0,175,29.7,
VAREJO_05,2027-01-27,LOJA_04,PROD_03,bebidas,6.34,0,177,29.0,
VAREJO_05,2027-01-27,LOJA_04,PROD_04,bebidas,11.33,0,105,30.5,
VAREJO_05,2027-01-27,LOJA_04,PROD_05,higiene,28.51,0,96,27.5,
VAREJO_05,2027-01-27,LOJA_04,PROD_06,higiene,29.88,1,123,29.3,
VAREJO_05,2027-01-27,LOJA_04,PROD_07,limpeza,41.9,0,130,30.5,
VAREJO_05,2027-01-27,LOJA_04,PROD_08,limpeza,55.75,0,95,31.9,
VAREJO_05,2027-01-27,LOJA_04,PROD_09,utilidades,18.44,1,178,,
VAREJO_05,2027-01-27,LOJA_04,PROD_10,utilidades,26.18,1,136,29.1,
VAREJO_05,2027-01-28,LOJA_01,PROD_01,alimentos,11.0,0,97,26.3,
VAREJO_05,2027-01-28,LOJA_01,PROD_02,alimentos,17.72,0,115,31.2,
VAREJO_05,2027-01-28,LOJA_01,PROD_03,bebidas,7.9,0,150,29.9,
VAREJO_05,2027-01-28,LOJA_01,PROD_04,bebidas,11.74,0,106,25.6,
VAREJO_05,2027-01-28,LOJA_01,PROD_05,higiene,24.02,1,,29.3,
VAREJO_05,2027-01-28,LOJA_01,PROD_06,higiene,34.66,0,121,26.9,
VAREJO_05,2027-01-28,LOJA_01,PROD_07,limpeza,42.48,0,134,27.9,
VAREJO_05,2027-01-28,LOJA_01,PROD_08,limpeza,54.01,0,149,31.4,
VAREJO_05,2027-01-28,LOJA_01,PROD_09,utilidades,23.69,0,154,28.4,
VAREJO_05,2027-01-28,LOJA_01,PROD_10,utilidades,30.42,0,160,30.0,
VAREJO_05,2027-01-28,LOJA_02,PROD_01,alimentos,12.22,0,105,32.0,
VAREJO_05,2027-01-28,LOJA_02,PROD_02,alimentos,15.83,1,166,29.6,
VAREJO_05,2027-01-28,LOJA_02,PROD_03,bebidas,7.76,0,95,26.5,
VAREJO_05,2027-01-28,LOJA_02,PROD_04,bebidas,11.42,0,152,26.7,
VAREJO_05,2027-01-28,LOJA_02,PROD_05,higiene,27.47,0,124,27.8,
VAREJO_05,2027-01-28,LOJA_02,PROD_06,higiene,35.46,0,169,30.0,
VAREJO_05,2027-01-28,LOJA_02,PROD_07,limpeza,34.62,1,169,31.0,
VAREJO_05,2027-01-28,LOJA_02,PROD_08,limpeza,54.91,,121,,
VAREJO_05,2027-01-28,LOJA_02,PROD_09,utilidades,18.9,1,138,30.0,
VAREJO_05,2027-01-28,LOJA_02,PROD_10,utilidades,30.65,,155,25.3,
VAREJO_05,2027-01-28,LOJA_03,PROD_01,alimentos,12.1,0,133,,
VAREJO_05,2027-01-28,LOJA_03,PROD_02,alimentos,15.46,1,143,28.5,
VAREJO_05,2027-01-28,LOJA_03,PROD_03,bebidas,6.84,0,124,27.2,
VAREJO_05,2027-01-28,LOJA_03,PROD_04,bebidas,9.46,1,,28.1,
VAREJO_05,2027-01-28,LOJA_03,PROD_05,higiene,29.24,0,127,27.3,
VAREJO_05,2027-01-28,LOJA_03,PROD_06,higiene,35.84,,136,27.6,
VAREJO_05,2027-01-28,LOJA_03,PROD_07,limpeza,41.7,0,174,28.3,
VAREJO_05,2027-01-28,LOJA_03,PROD_08,limpeza,47.72,1,94,32.3,
VAREJO_05,2027-01-28,LOJA_03,PROD_09,utilidades,22.63,,113,31.4,
VAREJO_05,2027-01-28,LOJA_03,PROD_10,utilidades,30.05,0,163,31.6,
VAREJO_05,2027-01-28,LOJA_04,PROD_01,alimentos,9.91,1,128,28.0,
VAREJO_05,2027-01-28,LOJA_04,PROD_02,alimentos,,0,101,25.7,
VAREJO_05,2027-01-28,LOJA_04,PROD_03,bebidas,7.22,0,,28.4,
VAREJO_05,2027-01-28,LOJA_04,PROD_04,bebidas,11.56,0,164,30.4,
VAREJO_05,2027-01-28,LOJA_04,PROD_05,higiene,26.59,0,120,29.4,
VAREJO_05,2027-01-28,LOJA_04,PROD_06,higiene,31.02,1,119,28.1,
VAREJO_05,2027-01-28,LOJA_04,PROD_07,limpeza,36.24,1,158,27.3,
VAREJO_05,2027-01-28,LOJA_04,PROD_08,limpeza,46.52,1,,32.6,
VAREJO_05,2027-01-28,LOJA_04,PROD_09,utilidades,19.3,1,167,28.5,
VAREJO_05,2027-01-28,LOJA_04,PROD_10,,24.93,1,158,,
VAREJO_05,2027-01-29,LOJA_01,PROD_01,alimentos,12.64,0,147,29.7,
VAREJO_05,2027-01-29,LOJA_01,PROD_02,alimentos,18.15,0,130,31.6,
VAREJO_05,2027-01-29,LOJA_01,PROD_03,bebidas,,0,154,29.1,
VAREJO_05,2027-01-29,LOJA_01,PROD_04,bebidas,,0,,29.8,
VAREJO_05,2027-01-29,LOJA_01,PROD_05,higiene,24.45,1,172,32.7,
VAREJO_05,2027-01-29,LOJA_01,PROD_06,higiene,34.99,0,134,27.5,
VAREJO_05,2027-01-29,LOJA_01,PROD_07,limpeza,41.57,0,175,30.4,
VAREJO_05,2027-01-29,LOJA_01,PROD_08,limpeza,54.71,0,137,28.2,
VAREJO_05,2027-01-29,LOJA_01,PROD_09,utilidades,,1,173,28.6,
VAREJO_05,2027-01-29,LOJA_01,PROD_10,utilidades,26.53,1,126,31.0,
VAREJO_05,2027-01-29,LOJA_02,PROD_01,alimentos,12.05,0,116,27.9,
VAREJO_05,2027-01-29,LOJA_02,PROD_02,alimentos,18.82,nao,94,29.7,
VAREJO_05,2027-01-29,LOJA_02,PROD_03,bebidas,7.33,1,165,30.0,
VAREJO_05,2027-01-29,LOJA_02,PROD_04,bebidas,11.38,0,105,31.4,
VAREJO_05,2027-01-29,LOJA_02,PROD_05,higiene,23.11,1,136,26.8,
VAREJO_05,2027-01-29,LOJA_02,PROD_06,higiene,34.99,0,152,28.2,
VAREJO_05,2027-01-29,LOJA_02,PROD_07,limpeza,36.96,1,172,31.4,
VAREJO_05,2027-01-29,LOJA_02,PROD_08,limpeza,54.98,0,102,28.6,
VAREJO_05,2027-01-29,LOJA_02,PROD_09, UTILIDADES ,22.04,0,178,28.3,
VAREJO_05,2027-01-29,LOJA_02,PROD_10,utilidades,30.26,0,92,30.6,
VAREJO_05,2027-01-29,LOJA_03,PROD_01,alimentos,11.73,0,145,31.4,
VAREJO_05,2027-01-29,LOJA_03,PROD_02,alimentos,17.49,0,115,30.2,
VAREJO_05,2027-01-29,LOJA_03,PROD_03,bebidas,7.05,0,179,25.9,
VAREJO_05,2027-01-29,LOJA_03,PROD_04,bebidas,10.21,0,164,,
VAREJO_05,2027-01-29,LOJA_03,PROD_05,higiene,29.03,0,179,28.2,
VAREJO_05,2027-01-29,LOJA_03,PROD_06,higiene,35.55,0,140,31.7,
VAREJO_05,2027-01-29,LOJA_03,PROD_07,limpeza,42.35,0,,26.8,
VAREJO_05,2027-01-29,LOJA_03,PROD_08,limpeza,47.34,1,177,32.8,
VAREJO_05,2027-01-29,LOJA_03,PROD_09,utilidades,21.65,0,142,26.8,
VAREJO_05,2027-01-29,LOJA_03,PROD_10,,29.76,0,132,32.0,
VAREJO_05,2027-01-29,LOJA_04,PROD_01,alimentos,10.6,nao,112,28.4,
VAREJO_05,2027-01-29,LOJA_04,PROD_02,alimentos,18.05,0,163,26.0,
VAREJO_05,2027-01-29,LOJA_04,PROD_03,bebidas,7.77,0,130,28.3,
VAREJO_05,2027-01-29,LOJA_04,PROD_04,bebidas,8.8,1,171,29.1,
VAREJO_05,2027-01-29,LOJA_04,PROD_05,higiene,29.6,0,141,30.8,
VAREJO_05,2027-01-29,LOJA_04,PROD_06,higiene,34.41,0,116,30.0,
VAREJO_05,2027-01-29,LOJA_04,PROD_07,limpeza,42.62,,156,30.2,
VAREJO_05,2027-01-29,LOJA_04,PROD_08,limpeza,54.35,0,119,,
VAREJO_05,2027-01-29,LOJA_04,PROD_09,utilidades,22.16,0,176,29.2,
VAREJO_05,2027-01-29,LOJA_04,PROD_10,utilidades,29.67,0,146,29.0,
VAREJO_05,2027-01-30,LOJA_01,PROD_01,alimentos,10.62,1,103,29.0,
VAREJO_05,2027-01-30,LOJA_01,PROD_02,alimentos,17.73,0,108,29.1,
VAREJO_05,2027-01-30,LOJA_01,PROD_03,bebidas,6.5,0,100,28.7,
VAREJO_05,2027-01-30,LOJA_01,PROD_04,bebidas,10.12,1,103,27.5,
VAREJO_05,2027-01-30,LOJA_01,PROD_05,higiene,,0,146,30.4,
VAREJO_05,2027-01-30,LOJA_01,PROD_06,higiene,34.31,0,153,28.4,
VAREJO_05,2027-01-30,LOJA_01,PROD_07,limpeza,42.64,0,150,27.6,
VAREJO_05,2027-01-30,LOJA_01,PROD_08,limpeza,48.02,1,149,30.6,
VAREJO_05,2027-01-30,LOJA_01,PROD_09,utilidades,20.84,0,136,27.3,
VAREJO_05,2027-01-30,LOJA_01,PROD_10,utilidades,29.31,0,178,26.6,
VAREJO_05,2027-01-30,LOJA_02,PROD_01,alimentos,12.62,0,179,29.0,
VAREJO_05,2027-01-30,LOJA_02,PROD_02,alimentos,15.8,,120,31.3,
VAREJO_05,2027-01-30,LOJA_02,PROD_03,bebidas,6.95,0,135,29.7,
VAREJO_05,2027-01-30,LOJA_02,PROD_04,bebidas,11.02,0,147,29.5,
VAREJO_05,2027-01-30,LOJA_02,PROD_05,higiene,27.17,,107,29.4,
VAREJO_05,2027-01-30,LOJA_02,PROD_06,higiene,34.14,0,177,29.4,
VAREJO_05,2027-01-30,LOJA_02,PROD_07,limpeza,41.53,0,90,26.5,
VAREJO_05,2027-01-30,LOJA_02,PROD_08,,54.59,0,159,29.3,
VAREJO_05,2027-01-30,LOJA_02,PROD_09,utilidades,22.66,0,104,29.0,
VAREJO_05,2027-01-30,LOJA_02,PROD_10,utilidades,29.64,0,153,27.9,
VAREJO_05,2027-01-30,LOJA_03,PROD_01,alimentos,12.08,,106,28.9,
VAREJO_05,2027-01-30,LOJA_03,PROD_02,alimentos,16.3,1,144,29.0,
VAREJO_05,2027-01-30,LOJA_03,PROD_03,bebidas,6.22,0,148,28.7,
VAREJO_05,2027-01-30,LOJA_03,PROD_04,bebidas,11.15,,96,31.4,
VAREJO_05,2027-01-30,LOJA_03,PROD_05,higiene,27.57,0,92,30.5,
VAREJO_05,2027-01-30,LOJA_03,PROD_06,higiene,34.23,0,138,29.7,
VAREJO_05,2027-01-30,LOJA_03,PROD_07,limpeza,42.09,0,130,29.4,
VAREJO_05,2027-01-30,LOJA_03,PROD_08,limpeza,54.77,0,151,27.7,
VAREJO_05,2027-01-30,LOJA_03,PROD_09,utilidades,22.96,0,173,29.9,
VAREJO_05,2027-01-30,LOJA_03,PROD_10,utilidades,29.65,0,110,30.0,
VAREJO_05,2027-01-30,LOJA_04,PROD_01,alimentos,11.94,0,150,28.9,
VAREJO_05,2027-01-30,LOJA_04,PROD_02,alimentos,14.53,1,160,28.5,
VAREJO_05,2027-01-30,LOJA_04,PROD_03,bebidas,5.9,1,171,30.5,
VAREJO_05,2027-01-30,LOJA_04,PROD_04,bebidas,11.55,0,155,28.6,
VAREJO_05,2027-01-30,LOJA_04,PROD_05,higiene,28.68,0,143,27.6,
VAREJO_05,2027-01-30,LOJA_04,PROD_06,higiene,34.81,0,173,29.7,
VAREJO_05,2027-01-30,LOJA_04,PROD_07,limpeza,36.83,1,93,29.4,
VAREJO_05,2027-01-30,LOJA_04,PROD_08,limpeza,47.14,1,150,31.4,
VAREJO_05,2027-01-30,LOJA_04,PROD_09,utilidades,19.27,1,112,28.8,
VAREJO_05,2027-01-30,LOJA_04,PROD_10,utilidades,29.41,0,106,31.0,
VAREJO_05,2027-01-31,LOJA_01,PROD_01,alimentos,12.42,0,,31.2,
VAREJO_05,2027-01-31,LOJA_01,PROD_02,alimentos,18.96,0,152,28.8,
VAREJO_05,2027-01-31,LOJA_01,PROD_03,bebidas,5.53,1,98,26.4,
VAREJO_05,2027-01-31,LOJA_01,PROD_04,bebidas,11.03,0,131,30.8,
VAREJO_05,2027-01-31,LOJA_01,PROD_05,higiene,27.6,0,105,,
VAREJO_05,2027-01-31,LOJA_01,PROD_06,higiene,35.0,0,170,28.5,
VAREJO_05,2027-01-31,LOJA_01,PROD_07,limpeza,41.46,0,152,30.7,
VAREJO_05,2027-01-31,LOJA_01,PROD_08,limpeza,54.32,0,137,30.8,
VAREJO_05,2027-01-31,LOJA_01,PROD_09,utilidades,21.78,0,134,27.0,
VAREJO_05,2027-01-31,LOJA_01,PROD_10,utilidades,25.6,,169,26.4,
VAREJO_05,2027-01-31,LOJA_02,PROD_01,alimentos,13.48,,118,30.1,
VAREJO_05,2027-01-31,LOJA_02,PROD_02,alimentos,17.7,0,116,30.0,
VAREJO_05,2027-01-31,LOJA_02,PROD_03,bebidas,7.92,0,134,28.9,
VAREJO_05,2027-01-31,LOJA_02,PROD_04,bebidas,9.69,1,127,28.3,
VAREJO_05,2027-01-31,LOJA_02,PROD_05,higiene,27.7,0,94,33.1,
VAREJO_05,2027-01-31,LOJA_02,PROD_06, HIGIENE ,34.36,0,9999,28.9,
VAREJO_05,2027-01-31,LOJA_02,PROD_07,limpeza,,0,115,28.9,
VAREJO_05,2027-01-31,LOJA_02,PROD_08,limpeza,54.83,0,95,28.3,
VAREJO_05,2027-01-31,LOJA_02,PROD_09,utilidades,22.77,0,150,29.6,
VAREJO_05,2027-01-31,LOJA_02,PROD_10,utilidades,30.36,0,124,28.3,
VAREJO_05,2027-01-31,LOJA_03,PROD_01,,12.04,0,119,30.0,
VAREJO_05,2027-01-31,LOJA_03,PROD_02,alimentos,17.72,0,97,29.2,
VAREJO_05,2027-01-31,LOJA_03,PROD_03,bebidas,5.45,1,179,29.1,
VAREJO_05,31/01/2027,LOJA_03,PROD_04,bebidas,10.73,0,155,32.7,
VAREJO_05,2027-01-31,LOJA_03,PROD_05,higiene,28.26,0,179,28.5,
VAREJO_05,2027-01-31,LOJA_03,PROD_06,higiene,34.25,0,104,27.6,
VAREJO_05,2027-01-31,LOJA_03,PROD_07,limpeza,35.54,1,95,29.9,
VAREJO_05,2027-01-31,LOJA_03,PROD_08,limpeza,54.62,0,147,28.4,
VAREJO_05,2027-01-31,LOJA_03,PROD_09,utilidades,23.37,0,148,27.0,
VAREJO_05,2027-01-31,LOJA_03,PROD_10,utilidades,30.34,0,117,28.8,
VAREJO_05,2027-01-31,LOJA_04,PROD_01,alimentos,12.84,0,154,29.3,
VAREJO_05,2027-01-31,LOJA_04,PROD_02,alimentos,18.39,0,99,30.1,
VAREJO_05,2027-01-31,LOJA_04,PROD_03,bebidas,,0,179,25.2,
VAREJO_05,2027-01-31,LOJA_04,PROD_04, BEBIDAS ,10.63,0,117,28.5,
VAREJO_05,2027-01-31,LOJA_04,PROD_05,higiene,27.84,0,90,28.0,
VAREJO_05,2027-01-31,LOJA_04,PROD_06,higiene,30.73,1,115,28.7,
VAREJO_05,2027-01-31,LOJA_04,PROD_07,limpeza,35.36,1,100,,
VAREJO_05,2027-01-31,LOJA_04,PROD_08,,54.32,0,96,31.2,
VAREJO_05,2027-01-31,LOJA_04,PROD_09,utilidades,21.46,,104,31.4,
VAREJO_05,2027-01-31,LOJA_04,PROD_10,utilidades,29.26,0,103,,
