dataset_id,data,loja,produto,quantidade_prevista
VAREJO_05,2027-01-01,LOJA_01,PROD_01,35.7
VAREJO_05,2027-01-01,LOJA_01,PROD_02,41.72
VAREJO_05,2027-01-01,LOJA_01,PROD_03,27.7
VAREJO_05,2027-01-01,LOJA_01,PROD_04,36.25
VAREJO_05,2027-01-01,LOJA_01,PROD_05,31.89
VAREJO_05,2027-01-01,LOJA_01,PROD_06,49.22
VAREJO_05,2027-01-01,LOJA_01,PROD_07,27.3
VAREJO_05,2027-01-01,LOJA_01,PROD_08,34.98
VAREJO_05,2027-01-01,LOJA_01,PROD_09,38.84
VAREJO_05,2027-01-01,LOJA_01,PROD_10,51.49
VAREJO_05,2027-01-01,LOJA_02,PROD_01,42.88
VAREJO_05,2027-01-01,LOJA_02,PROD_02,48.87
VAREJO_05,2027-01-01,LOJA_02,PROD_03,31.24
VAREJO_05,2027-01-01,LOJA_02,PROD_04,42.98
VAREJO_05,2027-01-01,LOJA_02,PROD_05,35.78
VAREJO_05,2027-01-01,LOJA_02,PROD_06,43.86
VAREJO_05,2027-01-01,LOJA_02,PROD_07,43.27
VAREJO_05,2027-01-01,LOJA_02,PROD_08,38.46
VAREJO_05,2027-01-01,LOJA_02,PROD_09,42.17
VAREJO_05,2027-01-01,LOJA_02,PROD_10,43.82
VAREJO_05,2027-01-01,LOJA_03,PROD_01,47.76
VAREJO_05,2027-01-01,LOJA_03,PROD_02,50.8
VAREJO_05,2027-01-01,LOJA_03,PROD_03,36.86
VAREJO_05,2027-01-01,LOJA_03,PROD_04,58.93
VAREJO_05,2027-01-01,LOJA_03,PROD_05,54.47
VAREJO_05,2027-01-01,LOJA_03,PROD_06,47.05
VAREJO_05,2027-01-01,LOJA_03,PROD_07,50.94
VAREJO_05,2027-01-01,LOJA_03,PROD_08,44.32
VAREJO_05,2027-01-01,LOJA_03,PROD_09,43.94
VAREJO_05,2027-01-01,LOJA_03,PROD_10,50.8
VAREJO_05,2027-01-01,LOJA_04,PROD_01,52.4
VAREJO_05,2027-01-01,LOJA_04,PROD_02,59.95
VAREJO_05,2027-01-01,LOJA_04,PROD_03,44.08
VAREJO_05,2027-01-01,LOJA_04,PROD_04,54.65
VAREJO_05,2027-01-01,LOJA_04,PROD_05,45.06
VAREJO_05,2027-01-01,LOJA_04,PROD_06,53.08
VAREJO_05,2027-01-01,LOJA_04,PROD_07,43.47
VAREJO_05,2027-01-01,LOJA_04,PROD_08,51.03
VAREJO_05,2027-01-01,LOJA_04,PROD_09,46.49
VAREJO_05,2027-01-01,LOJA_04,PROD_10,53.05
VAREJO_05,2027-01-02,LOJA_01,PROD_01,41.92
VAREJO_05,2027-01-02,LOJA_01,PROD_02,44.95
VAREJO_05,2027-01-02,LOJA_01,PROD_03,34.33
VAREJO_05,2027-01-02,LOJA_01,PROD_04,39.08
VAREJO_05,2027-01-02,LOJA_01,PROD_05,35.31
VAREJO_05,2027-01-02,LOJA_01,PROD_06,41.84
VAREJO_05,2027-01-02,LOJA_01,PROD_07,29.45
VAREJO_05,2027-01-02,LOJA_01,PROD_08,38.81
VAREJO_05,2027-01-02,LOJA_01,PROD_09,42.56
VAREJO_05,2027-01-02,LOJA_01,PROD_10,44.25
VAREJO_05,2027-01-02,LOJA_02,PROD_01,43.56
VAREJO_05,2027-01-02,LOJA_02,PROD_02,52.53
VAREJO_05,2027-01-02,LOJA_02,PROD_03,37.32
VAREJO_05,2027-01-02,LOJA_02,PROD_04,44.76
VAREJO_05,2027-01-02,LOJA_02,PROD_05,42.5
VAREJO_05,2027-01-02,LOJA_02,PROD_06,49.14
VAREJO_05,2027-01-02,LOJA_02,PROD_07,38.25
VAREJO_05,2027-01-02,LOJA_02,PROD_08,42.66
VAREJO_05,2027-01-02,LOJA_02,PROD_09,46.49
VAREJO_05,2027-01-02,LOJA_02,PROD_10,49.88
VAREJO_05,2027-01-02,LOJA_03,PROD_01,65.91
VAREJO_05,2027-01-02,LOJA_03,PROD_02,69.85
VAREJO_05,2027-01-02,LOJA_03,PROD_03,42.97
VAREJO_05,2027-01-02,LOJA_03,PROD_04,50.3
VAREJO_05,2027-01-02,LOJA_03,PROD_05,58.32
VAREJO_05,2027-01-02,LOJA_03,PROD_06,64.94
VAREJO_05,2027-01-02,LOJA_03,PROD_07,43.65
VAREJO_05,2027-01-02,LOJA_03,PROD_08,49.6
VAREJO_05,2027-01-02,LOJA_03,PROD_09,48.75
VAREJO_05,2027-01-02,LOJA_03,PROD_10,69.86
VAREJO_05,2027-01-02,LOJA_04,PROD_01,61.12
VAREJO_05,2027-01-02,LOJA_04,PROD_02,63.64
VAREJO_05,2027-01-02,LOJA_04,PROD_03,58.66
VAREJO_05,2027-01-02,LOJA_04,PROD_04,69.69
VAREJO_05,2027-01-02,LOJA_04,PROD_05,49.85
VAREJO_05,2027-01-02,LOJA_04,PROD_06,72.08
VAREJO_05,2027-01-02,LOJA_04,PROD_07,44.39
VAREJO_05,2027-01-02,LOJA_04,PROD_08,54.78
VAREJO_05,2027-01-02,LOJA_04,PROD_09,52.59
VAREJO_05,2027-01-02,LOJA_04,PROD_10,59.24
VAREJO_05,2027-01-03,LOJA_01,PROD_01,53.56
VAREJO_05,2027-01-03,LOJA_01,PROD_02,46.32
VAREJO_05,2027-01-03,LOJA_01,PROD_03,46.06
VAREJO_05,2027-01-03,LOJA_01,PROD_04,39.51
VAREJO_05,2027-01-03,LOJA_01,PROD_05,35.89
VAREJO_05,2027-01-03,LOJA_01,PROD_06,42.19
VAREJO_05,2027-01-03,LOJA_01,PROD_07,29.49
VAREJO_05,2027-01-03,LOJA_01,PROD_08,40.59
VAREJO_05,2027-01-03,LOJA_01,PROD_09,42.98
VAREJO_05,2027-01-03,LOJA_01,PROD_10,57.37
VAREJO_05,2027-01-03,LOJA_02,PROD_01,45.49
VAREJO_05,2027-01-03,LOJA_02,PROD_02,51.21
VAREJO_05,2027-01-03,LOJA_02,PROD_03,37.17
VAREJO_05,2027-01-03,LOJA_02,PROD_04,46.44
VAREJO_05,2027-01-03,LOJA_02,PROD_05,39.59
VAREJO_05,2027-01-03,LOJA_02,PROD_06,48.44
VAREJO_05,2027-01-03,LOJA_02,PROD_07,36.43
VAREJO_05,2027-01-03,LOJA_02,PROD_08,57.88
VAREJO_05,2027-01-03,LOJA_02,PROD_09,46.4
VAREJO_05,2027-01-03,LOJA_02,PROD_10,48.19
VAREJO_05,2027-01-03,LOJA_03,PROD_01,53.21
VAREJO_05,2027-01-03,LOJA_03,PROD_02,56.7
VAREJO_05,2027-01-03,LOJA_03,PROD_03,44.24
VAREJO_05,2027-01-03,LOJA_03,PROD_04,50.92
VAREJO_05,2027-01-03,LOJA_03,PROD_05,45.23
VAREJO_05,2027-01-03,LOJA_03,PROD_06,50.53
VAREJO_05,2027-01-03,LOJA_03,PROD_07,42.81
VAREJO_05,2027-01-03,LOJA_03,PROD_08,64.7
VAREJO_05,2027-01-03,LOJA_03,PROD_09,49.17
VAREJO_05,2027-01-03,LOJA_03,PROD_10,56.58
VAREJO_05,2027-01-03,LOJA_04,PROD_01,70.68
VAREJO_05,2027-01-03,LOJA_04,PROD_02,62.58
VAREJO_05,2027-01-03,LOJA_04,PROD_03,59.29
VAREJO_05,2027-01-03,LOJA_04,PROD_04,58.18
VAREJO_05,2027-01-03,LOJA_04,PROD_05,49.24
VAREJO_05,2027-01-03,LOJA_04,PROD_06,57.74
VAREJO_05,2027-01-03,LOJA_04,PROD_07,47.45
VAREJO_05,2027-01-03,LOJA_04,PROD_08,56.0
VAREJO_05,2027-01-03,LOJA_04,PROD_09,53.06
VAREJO_05,2027-01-03,LOJA_04,PROD_10,59.39
VAREJO_05,2027-01-04,LOJA_01,PROD_01,35.55
VAREJO_05,2027-01-04,LOJA_01,PROD_02,38.94
VAREJO_05,2027-01-04,LOJA_01,PROD_03,30.07
VAREJO_05,2027-01-04,LOJA_01,PROD_04,35.99
VAREJO_05,2027-01-04,LOJA_01,PROD_05,32.79
VAREJO_05,2027-01-04,LOJA_01,PROD_06,48.54
VAREJO_05,2027-01-04,LOJA_01,PROD_07,27.8
VAREJO_05,2027-01-04,LOJA_01,PROD_08,35.55
VAREJO_05,2027-01-04,LOJA_01,PROD_09,50.97
VAREJO_05,2027-01-04,LOJA_01,PROD_10,39.28
VAREJO_05,2027-01-04,LOJA_02,PROD_01,57.63
VAREJO_05,2027-01-04,LOJA_02,PROD_02,48.42
VAREJO_05,2027-01-04,LOJA_02,PROD_03,32.02
VAREJO_05,2027-01-04,LOJA_02,PROD_04,54.44
VAREJO_05,2027-01-04,LOJA_02,PROD_05,35.18
VAREJO_05,2027-01-04,LOJA_02,PROD_06,55.43
VAREJO_05,2027-01-04,LOJA_02,PROD_07,43.61
VAREJO_05,2027-01-04,LOJA_02,PROD_08,38.82
VAREJO_05,2027-01-04,LOJA_02,PROD_09,42.22
VAREJO_05,2027-01-04,LOJA_02,PROD_10,43.49
VAREJO_05,2027-01-04,LOJA_03,PROD_01,48.18
VAREJO_05,2027-01-04,LOJA_03,PROD_02,50.77
VAREJO_05,2027-01-04,LOJA_03,PROD_03,52.8
VAREJO_05,2027-01-04,LOJA_03,PROD_04,58.65
VAREJO_05,2027-01-04,LOJA_03,PROD_05,42.33
VAREJO_05,2027-01-04,LOJA_03,PROD_06,46.53
VAREJO_05,2027-01-04,LOJA_03,PROD_07,37.28
VAREJO_05,2027-01-04,LOJA_03,PROD_08,45.35
VAREJO_05,2027-01-04,LOJA_03,PROD_09,43.63
VAREJO_05,2027-01-04,LOJA_03,PROD_10,50.45
VAREJO_05,2027-01-04,LOJA_04,PROD_01,66.87
VAREJO_05,2027-01-04,LOJA_04,PROD_02,57.56
VAREJO_05,2027-01-04,LOJA_04,PROD_03,44.53
VAREJO_05,2027-01-04,LOJA_04,PROD_04,52.5
VAREJO_05,2027-01-04,LOJA_04,PROD_05,46.66
VAREJO_05,2027-01-04,LOJA_04,PROD_06,50.63
VAREJO_05,2027-01-04,LOJA_04,PROD_07,43.79
VAREJO_05,2027-01-04,LOJA_04,PROD_08,51.06
VAREJO_05,2027-01-04,LOJA_04,PROD_09,46.78
VAREJO_05,2027-01-04,LOJA_04,PROD_10,52.76
VAREJO_05,2027-01-05,LOJA_01,PROD_01,35.46
VAREJO_05,2027-01-05,LOJA_01,PROD_02,39.05
VAREJO_05,2027-01-05,LOJA_01,PROD_03,28.64
VAREJO_05,2027-01-05,LOJA_01,PROD_04,37.05
VAREJO_05,2027-01-05,LOJA_01,PROD_05,29.78
VAREJO_05,2027-01-05,LOJA_01,PROD_06,37.61
VAREJO_05,2027-01-05,LOJA_01,PROD_07,40.79
VAREJO_05,2027-01-05,LOJA_01,PROD_08,35.3
VAREJO_05,2027-01-05,LOJA_01,PROD_09,38.44
VAREJO_05,2027-01-05,LOJA_01,PROD_10,39.09
VAREJO_05,2027-01-05,LOJA_02,PROD_01,42.86
VAREJO_05,2027-01-05,LOJA_02,PROD_02,48.64
VAREJO_05,2027-01-05,LOJA_02,PROD_03,31.3
VAREJO_05,2027-01-05,LOJA_02,PROD_04,43.58
VAREJO_05,2027-01-05,LOJA_02,PROD_05,35.56
VAREJO_05,2027-01-05,LOJA_02,PROD_06,43.7
VAREJO_05,2027-01-05,LOJA_02,PROD_07,31.43
VAREJO_05,2027-01-05,LOJA_02,PROD_08,38.57
VAREJO_05,2027-01-05,LOJA_02,PROD_09,41.55
VAREJO_05,2027-01-05,LOJA_02,PROD_10,55.9
VAREJO_05,2027-01-05,LOJA_03,PROD_01,48.17
VAREJO_05,2027-01-05,LOJA_03,PROD_02,65.62
VAREJO_05,2027-01-05,LOJA_03,PROD_03,53.49
VAREJO_05,2027-01-05,LOJA_03,PROD_04,46.49
VAREJO_05,2027-01-05,LOJA_03,PROD_05,41.8
VAREJO_05,2027-01-05,LOJA_03,PROD_06,60.28
VAREJO_05,2027-01-05,LOJA_03,PROD_07,37.29
VAREJO_05,2027-01-05,LOJA_03,PROD_08,45.19
VAREJO_05,2027-01-05,LOJA_03,PROD_09,43.68
VAREJO_05,2027-01-05,LOJA_03,PROD_10,50.76
VAREJO_05,2027-01-05,LOJA_04,PROD_01,52.85
VAREJO_05,2027-01-05,LOJA_04,PROD_02,75.23
VAREJO_05,2027-01-05,LOJA_04,PROD_03,54.07
VAREJO_05,2027-01-05,LOJA_04,PROD_04,66.57
VAREJO_05,2027-01-05,LOJA_04,PROD_05,60.63
VAREJO_05,2027-01-05,LOJA_04,PROD_06,52.78
VAREJO_05,2027-01-05,LOJA_04,PROD_07,44.33
VAREJO_05,2027-01-05,LOJA_04,PROD_08,50.95
VAREJO_05,2027-01-05,LOJA_04,PROD_09,59.92
VAREJO_05,2027-01-05,LOJA_04,PROD_10,55.15
VAREJO_05,2027-01-06,LOJA_01,PROD_01,50.68
VAREJO_05,2027-01-06,LOJA_01,PROD_02,56.38
VAREJO_05,2027-01-06,LOJA_01,PROD_03,29.04
VAREJO_05,2027-01-06,LOJA_01,PROD_04,36.84
VAREJO_05,2027-01-06,LOJA_01,PROD_05,32.29
VAREJO_05,2027-01-06,LOJA_01,PROD_06,36.91
VAREJO_05,2027-01-06,LOJA_01,PROD_07,41.15
VAREJO_05,2027-01-06,LOJA_01,PROD_08,35.47
VAREJO_05,2027-01-06,LOJA_01,PROD_09,38.2
VAREJO_05,2027-01-06,LOJA_01,PROD_10,51.4
VAREJO_05,2027-01-06,LOJA_02,PROD_01,43.06
VAREJO_05,2027-01-06,LOJA_02,PROD_02,62.36
VAREJO_05,2027-01-06,LOJA_02,PROD_03,31.69
VAREJO_05,2027-01-06,LOJA_02,PROD_04,42.77
VAREJO_05,2027-01-06,LOJA_02,PROD_05,35.95
VAREJO_05,2027-01-06,LOJA_02,PROD_06,43.31
VAREJO_05,2027-01-06,LOJA_02,PROD_07,31.8
VAREJO_05,2027-01-06,LOJA_02,PROD_08,38.04
VAREJO_05,2027-01-06,LOJA_02,PROD_09,42.14
VAREJO_05,2027-01-06,LOJA_02,PROD_10,43.43
VAREJO_05,2027-01-06,LOJA_03,PROD_01,60.5
VAREJO_05,2027-01-06,LOJA_03,PROD_02,50.54
VAREJO_05,2027-01-06,LOJA_03,PROD_03,37.12
VAREJO_05,2027-01-06,LOJA_03,PROD_04,57.45
VAREJO_05,2027-01-06,LOJA_03,PROD_05,53.81
VAREJO_05,2027-01-06,LOJA_03,PROD_06,46.59
VAREJO_05,2027-01-06,LOJA_03,PROD_07,38.01
VAREJO_05,2027-01-06,LOJA_03,PROD_08,45.13
VAREJO_05,2027-01-06,LOJA_03,PROD_09,43.42
VAREJO_05,2027-01-06,LOJA_03,PROD_10,65.15
VAREJO_05,2027-01-06,LOJA_04,PROD_01,51.59
VAREJO_05,2027-01-06,LOJA_04,PROD_02,59.89
VAREJO_05,2027-01-06,LOJA_04,PROD_03,44.15
VAREJO_05,2027-01-06,LOJA_04,PROD_04,52.59
VAREJO_05,2027-01-06,LOJA_04,PROD_05,45.76
VAREJO_05,2027-01-06,LOJA_04,PROD_06,51.07
VAREJO_05,2027-01-06,LOJA_04,PROD_07,43.56
VAREJO_05,2027-01-06,LOJA_04,PROD_08,50.98
VAREJO_05,2027-01-06,LOJA_04,PROD_09,47.05
VAREJO_05,2027-01-06,LOJA_04,PROD_10,53.18
VAREJO_05,2027-01-07,LOJA_01,PROD_01,35.65
VAREJO_05,2027-01-07,LOJA_01,PROD_02,39.03
VAREJO_05,2027-01-07,LOJA_01,PROD_03,27.71
VAREJO_05,2027-01-07,LOJA_01,PROD_04,36.36
VAREJO_05,2027-01-07,LOJA_01,PROD_05,33.31
VAREJO_05,2027-01-07,LOJA_01,PROD_06,37.33
VAREJO_05,2027-01-07,LOJA_01,PROD_07,27.52
VAREJO_05,2027-01-07,LOJA_01,PROD_08,35.75
VAREJO_05,2027-01-07,LOJA_01,PROD_09,38.43
VAREJO_05,2027-01-07,LOJA_01,PROD_10,52.98
VAREJO_05,2027-01-07,LOJA_02,PROD_01,42.95
VAREJO_05,2027-01-07,LOJA_02,PROD_02,48.26
VAREJO_05,2027-01-07,LOJA_02,PROD_03,31.31
VAREJO_05,2027-01-07,LOJA_02,PROD_04,42.93
VAREJO_05,2027-01-07,LOJA_02,PROD_05,34.95
VAREJO_05,2027-01-07,LOJA_02,PROD_06,43.78
VAREJO_05,2027-01-07,LOJA_02,PROD_07,30.34
VAREJO_05,2027-01-07,LOJA_02,PROD_08,38.38
VAREJO_05,2027-01-07,LOJA_02,PROD_09,54.32
VAREJO_05,2027-01-07,LOJA_02,PROD_10,43.38
VAREJO_05,2027-01-07,LOJA_03,PROD_01,48.12
VAREJO_05,2027-01-07,LOJA_03,PROD_02,65.73
VAREJO_05,2027-01-07,LOJA_03,PROD_03,48.91
VAREJO_05,2027-01-07,LOJA_03,PROD_04,57.0
VAREJO_05,2027-01-07,LOJA_03,PROD_05,40.62
VAREJO_05,2027-01-07,LOJA_03,PROD_06,46.89
VAREJO_05,2027-01-07,LOJA_03,PROD_07,37.36
VAREJO_05,2027-01-07,LOJA_03,PROD_08,44.59
VAREJO_05,2027-01-07,LOJA_03,PROD_09,43.37
VAREJO_05,2027-01-07,LOJA_03,PROD_10,50.85
VAREJO_05,2027-01-07,LOJA_04,PROD_01,67.37
VAREJO_05,2027-01-07,LOJA_04,PROD_02,56.98
VAREJO_05,2027-01-07,LOJA_04,PROD_03,43.97
VAREJO_05,2027-01-07,LOJA_04,PROD_04,52.88
VAREJO_05,2027-01-07,LOJA_04,PROD_05,46.25
VAREJO_05,2027-01-07,LOJA_04,PROD_06,67.72
VAREJO_05,2027-01-07,LOJA_04,PROD_07,56.43
VAREJO_05,2027-01-07,LOJA_04,PROD_08,50.23
VAREJO_05,2027-01-07,LOJA_04,PROD_09,46.75
VAREJO_05,2027-01-07,LOJA_04,PROD_10,53.62
VAREJO_05,2027-01-08,LOJA_01,PROD_01,35.77
VAREJO_05,2027-01-08,LOJA_01,PROD_02,41.76
VAREJO_05,2027-01-08,LOJA_01,PROD_03,27.91
VAREJO_05,2027-01-08,LOJA_01,PROD_04,35.8
VAREJO_05,2027-01-08,LOJA_01,PROD_05,31.78
VAREJO_05,2027-01-08,LOJA_01,PROD_06,37.4
VAREJO_05,2027-01-08,LOJA_01,PROD_07,27.27
VAREJO_05,2027-01-08,LOJA_01,PROD_08,35.81
VAREJO_05,2027-01-08,LOJA_01,PROD_09,38.94
VAREJO_05,2027-01-08,LOJA_01,PROD_10,52.35
VAREJO_05,2027-01-08,LOJA_02,PROD_01,57.63
VAREJO_05,2027-01-08,LOJA_02,PROD_02,48.3
VAREJO_05,2027-01-08,LOJA_02,PROD_03,30.96
VAREJO_05,2027-01-08,LOJA_02,PROD_04,42.82
VAREJO_05,2027-01-08,LOJA_02,PROD_05,36.1
VAREJO_05,2027-01-08,LOJA_02,PROD_06,43.28
VAREJO_05,2027-01-08,LOJA_02,PROD_07,30.41
VAREJO_05,2027-01-08,LOJA_02,PROD_08,38.56
VAREJO_05,2027-01-08,LOJA_02,PROD_09,40.77
VAREJO_05,2027-01-08,LOJA_02,PROD_10,43.33
VAREJO_05,2027-01-08,LOJA_03,PROD_01,47.82
VAREJO_05,2027-01-08,LOJA_03,PROD_02,66.28
VAREJO_05,2027-01-08,LOJA_03,PROD_03,36.7
VAREJO_05,2027-01-08,LOJA_03,PROD_04,46.62
VAREJO_05,2027-01-08,LOJA_03,PROD_05,41.31
VAREJO_05,2027-01-08,LOJA_03,PROD_06,46.4
VAREJO_05,2027-01-08,LOJA_03,PROD_07,37.66
VAREJO_05,2027-01-08,LOJA_03,PROD_08,44.51
VAREJO_05,2027-01-08,LOJA_03,PROD_09,43.06
VAREJO_05,2027-01-08,LOJA_03,PROD_10,50.76
VAREJO_05,2027-01-08,LOJA_04,PROD_01,53.12
VAREJO_05,2027-01-08,LOJA_04,PROD_02,57.7
VAREJO_05,2027-01-08,LOJA_04,PROD_03,44.04
VAREJO_05,2027-01-08,LOJA_04,PROD_04,52.85
VAREJO_05,2027-01-08,LOJA_04,PROD_05,45.96
VAREJO_05,2027-01-08,LOJA_04,PROD_06,69.6
VAREJO_05,2027-01-08,LOJA_04,PROD_07,55.61
VAREJO_05,2027-01-08,LOJA_04,PROD_08,63.37
VAREJO_05,2027-01-08,LOJA_04,PROD_09,46.8
VAREJO_05,2027-01-08,LOJA_04,PROD_10,52.48
VAREJO_05,2027-01-09,LOJA_01,PROD_01,53.21
VAREJO_05,2027-01-09,LOJA_01,PROD_02,46.32
VAREJO_05,2027-01-09,LOJA_01,PROD_03,45.62
VAREJO_05,2027-01-09,LOJA_01,PROD_04,41.62
VAREJO_05,2027-01-09,LOJA_01,PROD_05,35.85
VAREJO_05,2027-01-09,LOJA_01,PROD_06,41.99
VAREJO_05,2027-01-09,LOJA_01,PROD_07,29.64
VAREJO_05,2027-01-09,LOJA_01,PROD_08,41.69
VAREJO_05,2027-01-09,LOJA_01,PROD_09,42.4
VAREJO_05,2027-01-09,LOJA_01,PROD_10,57.67
VAREJO_05,2027-01-09,LOJA_02,PROD_01,45.97
VAREJO_05,2027-01-09,LOJA_02,PROD_02,52.25
VAREJO_05,2027-01-09,LOJA_02,PROD_03,49.77
VAREJO_05,2027-01-09,LOJA_02,PROD_04,45.69
VAREJO_05,2027-01-09,LOJA_02,PROD_05,40.57
VAREJO_05,2027-01-09,LOJA_02,PROD_06,50.56
VAREJO_05,2027-01-09,LOJA_02,PROD_07,36.55
VAREJO_05,2027-01-09,LOJA_02,PROD_08,42.42
VAREJO_05,2027-01-09,LOJA_02,PROD_09,59.65
VAREJO_05,2027-01-09,LOJA_02,PROD_10,50.17
VAREJO_05,2027-01-09,LOJA_03,PROD_01,52.35
VAREJO_05,2027-01-09,LOJA_03,PROD_02,57.05
VAREJO_05,2027-01-09,LOJA_03,PROD_03,43.32
VAREJO_05,2027-01-09,LOJA_03,PROD_04,49.69
VAREJO_05,2027-01-09,LOJA_03,PROD_05,47.35
VAREJO_05,2027-01-09,LOJA_03,PROD_06,65.03
VAREJO_05,2027-01-09,LOJA_03,PROD_07,43.4
VAREJO_05,2027-01-09,LOJA_03,PROD_08,49.42
VAREJO_05,2027-01-09,LOJA_03,PROD_09,48.26
VAREJO_05,2027-01-09,LOJA_03,PROD_10,56.79
VAREJO_05,2027-01-09,LOJA_04,PROD_01,60.71
VAREJO_05,2027-01-09,LOJA_04,PROD_02,63.99
VAREJO_05,2027-01-09,LOJA_04,PROD_03,44.42
VAREJO_05,2027-01-09,LOJA_04,PROD_04,58.29
VAREJO_05,2027-01-09,LOJA_04,PROD_05,48.95
VAREJO_05,2027-01-09,LOJA_04,PROD_06,71.78
VAREJO_05,2027-01-09,LOJA_04,PROD_07,46.05
VAREJO_05,2027-01-09,LOJA_04,PROD_08,69.39
VAREJO_05,2027-01-09,LOJA_04,PROD_09,52.96
VAREJO_05,2027-01-09,LOJA_04,PROD_10,58.84
VAREJO_05,2027-01-10,LOJA_01,PROD_01,40.76
VAREJO_05,2027-01-10,LOJA_01,PROD_02,45.35
VAREJO_05,2027-01-10,LOJA_01,PROD_03,32.34
VAREJO_05,2027-01-10,LOJA_01,PROD_04,52.48
VAREJO_05,2027-01-10,LOJA_01,PROD_05,35.8
VAREJO_05,2027-01-10,LOJA_01,PROD_06,41.96
VAREJO_05,2027-01-10,LOJA_01,PROD_07,43.35
VAREJO_05,2027-01-10,LOJA_01,PROD_08,41.03
VAREJO_05,2027-01-10,LOJA_01,PROD_09,40.53
VAREJO_05,2027-01-10,LOJA_01,PROD_10,43.7
VAREJO_05,2027-01-10,LOJA_02,PROD_01,61.13
VAREJO_05,2027-01-10,LOJA_02,PROD_02,64.51
VAREJO_05,2027-01-10,LOJA_02,PROD_03,37.7
VAREJO_05,2027-01-10,LOJA_02,PROD_04,44.62
VAREJO_05,2027-01-10,LOJA_02,PROD_05,41.53
VAREJO_05,2027-01-10,LOJA_02,PROD_06,50.67
VAREJO_05,2027-01-10,LOJA_02,PROD_07,47.03
VAREJO_05,2027-01-10,LOJA_02,PROD_08,58.54
VAREJO_05,2027-01-10,LOJA_02,PROD_09,59.65
VAREJO_05,2027-01-10,LOJA_02,PROD_10,48.42
VAREJO_05,2027-01-10,LOJA_03,PROD_01,52.8
VAREJO_05,2027-01-10,LOJA_03,PROD_02,56.72
VAREJO_05,2027-01-10,LOJA_03,PROD_03,52.4
VAREJO_05,2027-01-10,LOJA_03,PROD_04,48.85
VAREJO_05,2027-01-10,LOJA_03,PROD_05,47.67
VAREJO_05,2027-01-10,LOJA_03,PROD_06,65.19
VAREJO_05,2027-01-10,LOJA_03,PROD_07,43.47
VAREJO_05,2027-01-10,LOJA_03,PROD_08,49.02
VAREJO_05,2027-01-10,LOJA_03,PROD_09,64.18
VAREJO_05,2027-01-10,LOJA_03,PROD_10,56.97
VAREJO_05,2027-01-10,LOJA_04,PROD_01,60.17
VAREJO_05,2027-01-10,LOJA_04,PROD_02,62.3
VAREJO_05,2027-01-10,LOJA_04,PROD_03,45.93
VAREJO_05,2027-01-10,LOJA_04,PROD_04,59.29
VAREJO_05,2027-01-10,LOJA_04,PROD_05,48.2
VAREJO_05,2027-01-10,LOJA_04,PROD_06,71.58
VAREJO_05,2027-01-10,LOJA_04,PROD_07,44.84
VAREJO_05,2027-01-10,LOJA_04,PROD_08,55.51
VAREJO_05,2027-01-10,LOJA_04,PROD_09,52.29
VAREJO_05,2027-01-10,LOJA_04,PROD_10,59.93
VAREJO_05,2027-01-11,LOJA_01,PROD_01,36.85
VAREJO_05,2027-01-11,LOJA_01,PROD_02,56.25
VAREJO_05,2027-01-11,LOJA_01,PROD_03,28.56
VAREJO_05,2027-01-11,LOJA_01,PROD_04,35.7
VAREJO_05,2027-01-11,LOJA_01,PROD_05,44.46
VAREJO_05,2027-01-11,LOJA_01,PROD_06,36.98
VAREJO_05,2027-01-11,LOJA_01,PROD_07,41.03
VAREJO_05,2027-01-11,LOJA_01,PROD_08,35.32
VAREJO_05,2027-01-11,LOJA_01,PROD_09,38.22
VAREJO_05,2027-01-11,LOJA_01,PROD_10,38.64
VAREJO_05,2027-01-11,LOJA_02,PROD_01,43.39
VAREJO_05,2027-01-11,LOJA_02,PROD_02,48.22
VAREJO_05,2027-01-11,LOJA_02,PROD_03,44.66
VAREJO_05,2027-01-11,LOJA_02,PROD_04,42.82
VAREJO_05,2027-01-11,LOJA_02,PROD_05,35.22
VAREJO_05,2027-01-11,LOJA_02,PROD_06,43.66
VAREJO_05,2027-01-11,LOJA_02,PROD_07,31.91
VAREJO_05,2027-01-11,LOJA_02,PROD_08,38.84
VAREJO_05,2027-01-11,LOJA_02,PROD_09,41.97
VAREJO_05,2027-01-11,LOJA_02,PROD_10,43.61
VAREJO_05,2027-01-11,LOJA_03,PROD_01,48.22
VAREJO_05,2027-01-11,LOJA_03,PROD_02,50.59
VAREJO_05,2027-01-11,LOJA_03,PROD_03,53.65
VAREJO_05,2027-01-11,LOJA_03,PROD_04,45.09
VAREJO_05,2027-01-11,LOJA_03,PROD_05,42.07
VAREJO_05,2027-01-11,LOJA_03,PROD_06,46.64
VAREJO_05,2027-01-11,LOJA_03,PROD_07,37.29
VAREJO_05,2027-01-11,LOJA_03,PROD_08,57.77
VAREJO_05,2027-01-11,LOJA_03,PROD_09,44.12
VAREJO_05,2027-01-11,LOJA_03,PROD_10,65.1
VAREJO_05,2027-01-11,LOJA_04,PROD_01,51.97
VAREJO_05,2027-01-11,LOJA_04,PROD_02,75.82
VAREJO_05,2027-01-11,LOJA_04,PROD_03,44.31
VAREJO_05,2027-01-11,LOJA_04,PROD_04,51.99
VAREJO_05,2027-01-11,LOJA_04,PROD_05,46.11
VAREJO_05,2027-01-11,LOJA_04,PROD_06,68.29
VAREJO_05,2027-01-11,LOJA_04,PROD_07,44.47
VAREJO_05,2027-01-11,LOJA_04,PROD_08,50.76
VAREJO_05,2027-01-11,LOJA_04,PROD_09,46.92
VAREJO_05,2027-01-11,LOJA_04,PROD_10,52.96
VAREJO_05,2027-01-12,LOJA_01,PROD_01,36.47
VAREJO_05,2027-01-12,LOJA_01,PROD_02,55.35
VAREJO_05,2027-01-12,LOJA_01,PROD_03,39.93
VAREJO_05,2027-01-12,LOJA_01,PROD_04,36.86
VAREJO_05,2027-01-12,LOJA_01,PROD_05,32.48
VAREJO_05,2027-01-12,LOJA_01,PROD_06,37.59
VAREJO_05,2027-01-12,LOJA_01,PROD_07,27.11
VAREJO_05,2027-01-12,LOJA_01,PROD_08,35.8
VAREJO_05,2027-01-12,LOJA_01,PROD_09,38.74
VAREJO_05,2027-01-12,LOJA_01,PROD_10,38.21
VAREJO_05,2027-01-12,LOJA_02,PROD_01,42.37
VAREJO_05,2027-01-12,LOJA_02,PROD_02,62.68
VAREJO_05,2027-01-12,LOJA_02,PROD_03,44.88
VAREJO_05,2027-01-12,LOJA_02,PROD_04,43.41
VAREJO_05,2027-01-12,LOJA_02,PROD_05,35.59
VAREJO_05,2027-01-12,LOJA_02,PROD_06,44.14
VAREJO_05,2027-01-12,LOJA_02,PROD_07,31.76
VAREJO_05,2027-01-12,LOJA_02,PROD_08,49.56
VAREJO_05,2027-01-12,LOJA_02,PROD_09,42.3
VAREJO_05,2027-01-12,LOJA_02,PROD_10,43.21
VAREJO_05,2027-01-12,LOJA_03,PROD_01,48.7
VAREJO_05,2027-01-12,LOJA_03,PROD_02,50.74
VAREJO_05,2027-01-12,LOJA_03,PROD_03,37.2
VAREJO_05,2027-01-12,LOJA_03,PROD_04,46.55
VAREJO_05,2027-01-12,LOJA_03,PROD_05,41.1
VAREJO_05,2027-01-12,LOJA_03,PROD_06,47.05
VAREJO_05,2027-01-12,LOJA_03,PROD_07,37.87
VAREJO_05,2027-01-12,LOJA_03,PROD_08,44.7
VAREJO_05,2027-01-12,LOJA_03,PROD_09,43.3
VAREJO_05,2027-01-12,LOJA_03,PROD_10,65.29
VAREJO_05,2027-01-12,LOJA_04,PROD_01,52.64
VAREJO_05,2027-01-12,LOJA_04,PROD_02,62.53
VAREJO_05,2027-01-12,LOJA_04,PROD_03,53.8
VAREJO_05,2027-01-12,LOJA_04,PROD_04,54.71
VAREJO_05,2027-01-12,LOJA_04,PROD_05,46.13
VAREJO_05,2027-01-12,LOJA_04,PROD_06,52.46
VAREJO_05,2027-01-12,LOJA_04,PROD_07,45.03
VAREJO_05,2027-01-12,LOJA_04,PROD_08,50.41
VAREJO_05,2027-01-12,LOJA_04,PROD_09,47.14
VAREJO_05,2027-01-12,LOJA_04,PROD_10,53.88
VAREJO_05,2027-01-13,LOJA_01,PROD_01,35.69
VAREJO_05,2027-01-13,LOJA_01,PROD_02,38.77
VAREJO_05,2027-01-13,LOJA_01,PROD_03,28.04
VAREJO_05,2027-01-13,LOJA_01,PROD_04,35.86
VAREJO_05,2027-01-13,LOJA_01,PROD_05,32.21
VAREJO_05,2027-01-13,LOJA_01,PROD_06,48.31
VAREJO_05,2027-01-13,LOJA_01,PROD_07,27.32
VAREJO_05,2027-01-13,LOJA_01,PROD_08,35.26
VAREJO_05,2027-01-13,LOJA_01,PROD_09,38.51
VAREJO_05,2027-01-13,LOJA_01,PROD_10,38.19
VAREJO_05,2027-01-13,LOJA_02,PROD_01,42.73
VAREJO_05,2027-01-13,LOJA_02,PROD_02,48.38
VAREJO_05,2027-01-13,LOJA_02,PROD_03,31.28
VAREJO_05,2027-01-13,LOJA_02,PROD_04,43.16
VAREJO_05,2027-01-13,LOJA_02,PROD_05,53.03
VAREJO_05,2027-01-13,LOJA_02,PROD_06,43.81
VAREJO_05,2027-01-13,LOJA_02,PROD_07,43.29
VAREJO_05,2027-01-13,LOJA_02,PROD_08,38.62
VAREJO_05,2027-01-13,LOJA_02,PROD_09,41.35
VAREJO_05,2027-01-13,LOJA_02,PROD_10,43.48
VAREJO_05,2027-01-13,LOJA_03,PROD_01,47.81
VAREJO_05,2027-01-13,LOJA_03,PROD_02,50.6
VAREJO_05,2027-01-13,LOJA_03,PROD_03,36.71
VAREJO_05,2027-01-13,LOJA_03,PROD_04,46.23
VAREJO_05,2027-01-13,LOJA_03,PROD_05,41.86
VAREJO_05,2027-01-13,LOJA_03,PROD_06,46.69
VAREJO_05,2027-01-13,LOJA_03,PROD_07,49.82
VAREJO_05,2027-01-13,LOJA_03,PROD_08,44.67
VAREJO_05,2027-01-13,LOJA_03,PROD_09,43.3
VAREJO_05,2027-01-13,LOJA_03,PROD_10,50.44
VAREJO_05,2027-01-13,LOJA_04,PROD_01,52.31
VAREJO_05,2027-01-13,LOJA_04,PROD_02,57.28
VAREJO_05,2027-01-13,LOJA_04,PROD_03,53.92
VAREJO_05,2027-01-13,LOJA_04,PROD_04,66.87
VAREJO_05,2027-01-13,LOJA_04,PROD_05,46.16
VAREJO_05,2027-01-13,LOJA_04,PROD_06,52.21
VAREJO_05,2027-01-13,LOJA_04,PROD_07,43.6
VAREJO_05,2027-01-13,LOJA_04,PROD_08,63.74
VAREJO_05,2027-01-13,LOJA_04,PROD_09,46.79
VAREJO_05,2027-01-13,LOJA_04,PROD_10,52.61
VAREJO_05,2027-01-14,LOJA_01,PROD_01,35.76
VAREJO_05,2027-01-14,LOJA_01,PROD_02,38.84
VAREJO_05,2027-01-14,LOJA_01,PROD_03,28.35
VAREJO_05,2027-01-14,LOJA_01,PROD_04,48.54
VAREJO_05,2027-01-14,LOJA_01,PROD_05,43.43
VAREJO_05,2027-01-14,LOJA_01,PROD_06,37.26
VAREJO_05,2027-01-14,LOJA_01,PROD_07,40.67
VAREJO_05,2027-01-14,LOJA_01,PROD_08,34.94
VAREJO_05,2027-01-14,LOJA_01,PROD_09,51.38
VAREJO_05,2027-01-14,LOJA_01,PROD_10,38.45
VAREJO_05,2027-01-14,LOJA_02,PROD_01,43.19
VAREJO_05,2027-01-14,LOJA_02,PROD_02,62.44
VAREJO_05,2027-01-14,LOJA_02,PROD_03,31.06
VAREJO_05,2027-01-14,LOJA_02,PROD_04,54.49
VAREJO_05,2027-01-14,LOJA_02,PROD_05,36.05
VAREJO_05,2027-01-14,LOJA_02,PROD_06,43.57
VAREJO_05,2027-01-14,LOJA_02,PROD_07,43.32
VAREJO_05,2027-01-14,LOJA_02,PROD_08,39.02
VAREJO_05,2027-01-14,LOJA_02,PROD_09,41.58
VAREJO_05,2027-01-14,LOJA_02,PROD_10,43.54
VAREJO_05,2027-01-14,LOJA_03,PROD_01,48.04
VAREJO_05,2027-01-14,LOJA_03,PROD_02,50.85
VAREJO_05,2027-01-14,LOJA_03,PROD_03,37.12
VAREJO_05,2027-01-14,LOJA_03,PROD_04,44.93
VAREJO_05,2027-01-14,LOJA_03,PROD_05,41.76
VAREJO_05,2027-01-14,LOJA_03,PROD_06,46.33
VAREJO_05,2027-01-14,LOJA_03,PROD_07,49.67
VAREJO_05,2027-01-14,LOJA_03,PROD_08,44.63
VAREJO_05,2027-01-14,LOJA_03,PROD_09,55.12
VAREJO_05,2027-01-14,LOJA_03,PROD_10,50.8
VAREJO_05,2027-01-14,LOJA_04,PROD_01,52.46
VAREJO_05,2027-01-14,LOJA_04,PROD_02,74.78
VAREJO_05,2027-01-14,LOJA_04,PROD_03,43.54
VAREJO_05,2027-01-14,LOJA_04,PROD_04,52.73
VAREJO_05,2027-01-14,LOJA_04,PROD_05,46.14
VAREJO_05,2027-01-14,LOJA_04,PROD_06,51.59
VAREJO_05,2027-01-14,LOJA_04,PROD_07,43.79
VAREJO_05,2027-01-14,LOJA_04,PROD_08,62.96
VAREJO_05,2027-01-14,LOJA_04,PROD_09,46.8
VAREJO_05,2027-01-14,LOJA_04,PROD_10,52.68
VAREJO_05,2027-01-15,LOJA_01,PROD_01,35.65
VAREJO_05,2027-01-15,LOJA_01,PROD_02,38.92
VAREJO_05,2027-01-15,LOJA_01,PROD_03,27.81
VAREJO_05,2027-01-15,LOJA_01,PROD_04,36.36
VAREJO_05,2027-01-15,LOJA_01,PROD_05,31.11
VAREJO_05,2027-01-15,LOJA_01,PROD_06,49.04
VAREJO_05,2027-01-15,LOJA_01,PROD_07,27.54
VAREJO_05,2027-01-15,LOJA_01,PROD_08,51.76
VAREJO_05,2027-01-15,LOJA_01,PROD_09,50.78
VAREJO_05,2027-01-15,LOJA_01,PROD_10,39.45
VAREJO_05,2027-01-15,LOJA_02,PROD_01,42.98
VAREJO_05,2027-01-15,LOJA_02,PROD_02,61.76
VAREJO_05,2027-01-15,LOJA_02,PROD_03,31.92
VAREJO_05,2027-01-15,LOJA_02,PROD_04,54.44
VAREJO_05,2027-01-15,LOJA_02,PROD_05,35.5
VAREJO_05,2027-01-15,LOJA_02,PROD_06,43.79
VAREJO_05,2027-01-15,LOJA_02,PROD_07,31.19
VAREJO_05,2027-01-15,LOJA_02,PROD_08,38.72
VAREJO_05,2027-01-15,LOJA_02,PROD_09,54.2
VAREJO_05,2027-01-15,LOJA_02,PROD_10,56.1
VAREJO_05,2027-01-15,LOJA_03,PROD_01,48.27
VAREJO_05,2027-01-15,LOJA_03,PROD_02,50.66
VAREJO_05,2027-01-15,LOJA_03,PROD_03,37.44
VAREJO_05,2027-01-15,LOJA_03,PROD_04,46.76
VAREJO_05,2027-01-15,LOJA_03,PROD_05,41.94
VAREJO_05,2027-01-15,LOJA_03,PROD_06,60.36
VAREJO_05,2027-01-15,LOJA_03,PROD_07,37.85
VAREJO_05,2027-01-15,LOJA_03,PROD_08,44.7
VAREJO_05,2027-01-15,LOJA_03,PROD_09,43.74
VAREJO_05,2027-01-15,LOJA_03,PROD_10,50.93
VAREJO_05,2027-01-15,LOJA_04,PROD_01,52.21
VAREJO_05,2027-01-15,LOJA_04,PROD_02,57.51
VAREJO_05,2027-01-15,LOJA_04,PROD_03,43.72
VAREJO_05,2027-01-15,LOJA_04,PROD_04,52.82
VAREJO_05,2027-01-15,LOJA_04,PROD_05,59.82
VAREJO_05,2027-01-15,LOJA_04,PROD_06,53.74
VAREJO_05,2027-01-15,LOJA_04,PROD_07,43.43
VAREJO_05,2027-01-15,LOJA_04,PROD_08,49.86
VAREJO_05,2027-01-15,LOJA_04,PROD_09,46.53
VAREJO_05,2027-01-15,LOJA_04,PROD_10,69.38
VAREJO_05,2027-01-16,LOJA_01,PROD_01,44.14
VAREJO_05,2027-01-16,LOJA_01,PROD_02,59.1
VAREJO_05,2027-01-16,LOJA_01,PROD_03,31.88
VAREJO_05,2027-01-16,LOJA_01,PROD_04,40.39
VAREJO_05,2027-01-16,LOJA_01,PROD_05,36.21
VAREJO_05,2027-01-16,LOJA_01,PROD_06,41.15
VAREJO_05,2027-01-16,LOJA_01,PROD_07,29.63
VAREJO_05,2027-01-16,LOJA_01,PROD_08,39.45
VAREJO_05,2027-01-16,LOJA_01,PROD_09,42.76
VAREJO_05,2027-01-16,LOJA_01,PROD_10,58.11
VAREJO_05,2027-01-16,LOJA_02,PROD_01,43.2
VAREJO_05,2027-01-16,LOJA_02,PROD_02,64.72
VAREJO_05,2027-01-16,LOJA_02,PROD_03,38.12
VAREJO_05,2027-01-16,LOJA_02,PROD_04,44.88
VAREJO_05,2027-01-16,LOJA_02,PROD_05,52.26
VAREJO_05,2027-01-16,LOJA_02,PROD_06,48.13
VAREJO_05,2027-01-16,LOJA_02,PROD_07,46.91
VAREJO_05,2027-01-16,LOJA_02,PROD_08,43.2
VAREJO_05,2027-01-16,LOJA_02,PROD_09,59.57
VAREJO_05,2027-01-16,LOJA_02,PROD_10,48.37
VAREJO_05,2027-01-16,LOJA_03,PROD_01,51.96
VAREJO_05,2027-01-16,LOJA_03,PROD_02,56.53
VAREJO_05,2027-01-16,LOJA_03,PROD_03,43.06
VAREJO_05,2027-01-16,LOJA_03,PROD_04,49.18
VAREJO_05,2027-01-16,LOJA_03,PROD_05,46.81
VAREJO_05,2027-01-16,LOJA_03,PROD_06,50.0
VAREJO_05,2027-01-16,LOJA_03,PROD_07,43.44
VAREJO_05,2027-01-16,LOJA_03,PROD_08,50.64
VAREJO_05,2027-01-16,LOJA_03,PROD_09,48.61
VAREJO_05,2027-01-16,LOJA_03,PROD_10,56.82
VAREJO_05,2027-01-16,LOJA_04,PROD_01,58.3
VAREJO_05,2027-01-16,LOJA_04,PROD_02,62.31
VAREJO_05,2027-01-16,LOJA_04,PROD_03,43.9
VAREJO_05,2027-01-16,LOJA_04,PROD_04,60.63
VAREJO_05,2027-01-16,LOJA_04,PROD_05,49.7
VAREJO_05,2027-01-16,LOJA_04,PROD_06,59.73
VAREJO_05,2027-01-16,LOJA_04,PROD_07,48.89
VAREJO_05,2027-01-16,LOJA_04,PROD_08,56.54
VAREJO_05,2027-01-16,LOJA_04,PROD_09,53.08
VAREJO_05,2027-01-16,LOJA_04,PROD_10,61.19
VAREJO_05,2027-01-17,LOJA_01,PROD_01,41.81
VAREJO_05,2027-01-17,LOJA_01,PROD_02,45.06
VAREJO_05,2027-01-17,LOJA_01,PROD_03,33.19
VAREJO_05,2027-01-17,LOJA_01,PROD_04,39.48
VAREJO_05,2027-01-17,LOJA_01,PROD_05,46.74
VAREJO_05,2027-01-17,LOJA_01,PROD_06,41.85
VAREJO_05,2027-01-17,LOJA_01,PROD_07,29.83
VAREJO_05,2027-01-17,LOJA_01,PROD_08,41.39
VAREJO_05,2027-01-17,LOJA_01,PROD_09,42.3
VAREJO_05,2027-01-17,LOJA_01,PROD_10,44.0
VAREJO_05,2027-01-17,LOJA_02,PROD_01,46.92
VAREJO_05,2027-01-17,LOJA_02,PROD_02,50.67
VAREJO_05,2027-01-17,LOJA_02,PROD_03,37.33
VAREJO_05,2027-01-17,LOJA_02,PROD_04,45.79
VAREJO_05,2027-01-17,LOJA_02,PROD_05,41.54
VAREJO_05,2027-01-17,LOJA_02,PROD_06,48.55
VAREJO_05,2027-01-17,LOJA_02,PROD_07,46.61
VAREJO_05,2027-01-17,LOJA_02,PROD_08,42.65
VAREJO_05,2027-01-17,LOJA_02,PROD_09,46.7
VAREJO_05,2027-01-17,LOJA_02,PROD_10,61.6
VAREJO_05,2027-01-17,LOJA_03,PROD_01,51.71
VAREJO_05,2027-01-17,LOJA_03,PROD_02,55.64
VAREJO_05,2027-01-17,LOJA_03,PROD_03,42.31
VAREJO_05,2027-01-17,LOJA_03,PROD_04,65.09
VAREJO_05,2027-01-17,LOJA_03,PROD_05,45.67
VAREJO_05,2027-01-17,LOJA_03,PROD_06,52.02
VAREJO_05,2027-01-17,LOJA_03,PROD_07,56.9
VAREJO_05,2027-01-17,LOJA_03,PROD_08,48.49
VAREJO_05,2027-01-17,LOJA_03,PROD_09,48.67
VAREJO_05,2027-01-17,LOJA_03,PROD_10,56.66
VAREJO_05,2027-01-17,LOJA_04,PROD_01,70.74
VAREJO_05,2027-01-17,LOJA_04,PROD_02,75.32
VAREJO_05,2027-01-17,LOJA_04,PROD_03,58.67
VAREJO_05,2027-01-17,LOJA_04,PROD_04,58.7
VAREJO_05,2027-01-17,LOJA_04,PROD_05,49.98
VAREJO_05,2027-01-17,LOJA_04,PROD_06,71.38
VAREJO_05,2027-01-17,LOJA_04,PROD_07,47.6
VAREJO_05,2027-01-17,LOJA_04,PROD_08,55.34
VAREJO_05,2027-01-17,LOJA_04,PROD_09,52.07
VAREJO_05,2027-01-17,LOJA_04,PROD_10,58.99
VAREJO_05,2027-01-18,LOJA_01,PROD_01,35.78
VAREJO_05,2027-01-18,LOJA_01,PROD_02,38.48
VAREJO_05,2027-01-18,LOJA_01,PROD_03,28.4
VAREJO_05,2027-01-18,LOJA_01,PROD_04,36.28
VAREJO_05,2027-01-18,LOJA_01,PROD_05,31.17
VAREJO_05,2027-01-18,LOJA_01,PROD_06,37.01
VAREJO_05,2027-01-18,LOJA_01,PROD_07,27.33
VAREJO_05,2027-01-18,LOJA_01,PROD_08,51.34
VAREJO_05,2027-01-18,LOJA_01,PROD_09,38.13
VAREJO_05,2027-01-18,LOJA_01,PROD_10,54.13
VAREJO_05,2027-01-18,LOJA_02,PROD_01,42.51
VAREJO_05,2027-01-18,LOJA_02,PROD_02,62.18
VAREJO_05,2027-01-18,LOJA_02,PROD_03,31.84
VAREJO_05,2027-01-18,LOJA_02,PROD_04,55.25
VAREJO_05,2027-01-18,LOJA_02,PROD_05,36.12
VAREJO_05,2027-01-18,LOJA_02,PROD_06,43.58
VAREJO_05,2027-01-18,LOJA_02,PROD_07,32.16
VAREJO_05,2027-01-18,LOJA_02,PROD_08,38.64
VAREJO_05,2027-01-18,LOJA_02,PROD_09,53.96
VAREJO_05,2027-01-18,LOJA_02,PROD_10,43.08
VAREJO_05,2027-01-18,LOJA_03,PROD_01,48.66
VAREJO_05,2027-01-18,LOJA_03,PROD_02,65.73
VAREJO_05,2027-01-18,LOJA_03,PROD_03,52.76
VAREJO_05,2027-01-18,LOJA_03,PROD_04,45.32
VAREJO_05,2027-01-18,LOJA_03,PROD_05,42.14
VAREJO_05,2027-01-18,LOJA_03,PROD_06,61.0
VAREJO_05,2027-01-18,LOJA_03,PROD_07,49.61
VAREJO_05,2027-01-18,LOJA_03,PROD_08,56.62
VAREJO_05,2027-01-18,LOJA_03,PROD_09,43.58
VAREJO_05,2027-01-18,LOJA_03,PROD_10,64.98
VAREJO_05,2027-01-18,LOJA_04,PROD_01,52.4
VAREJO_05,2027-01-18,LOJA_04,PROD_02,57.66
VAREJO_05,2027-01-18,LOJA_04,PROD_03,44.36
VAREJO_05,2027-01-18,LOJA_04,PROD_04,65.21
VAREJO_05,2027-01-18,LOJA_04,PROD_05,46.44
VAREJO_05,2027-01-18,LOJA_04,PROD_06,52.29
VAREJO_05,2027-01-18,LOJA_04,PROD_07,44.32
VAREJO_05,2027-01-18,LOJA_04,PROD_08,51.04
VAREJO_05,2027-01-18,LOJA_04,PROD_09,46.85
VAREJO_05,2027-01-18,LOJA_04,PROD_10,69.78
VAREJO_05,2027-01-19,LOJA_01,PROD_01,35.36
VAREJO_05,2027-01-19,LOJA_01,PROD_02,56.23
VAREJO_05,2027-01-19,LOJA_01,PROD_03,27.21
VAREJO_05,2027-01-19,LOJA_01,PROD_04,35.91
VAREJO_05,2027-01-19,LOJA_01,PROD_05,34.01
VAREJO_05,2027-01-19,LOJA_01,PROD_06,37.47
VAREJO_05,2027-01-19,LOJA_01,PROD_07,27.4
VAREJO_05,2027-01-19,LOJA_01,PROD_08,35.76
VAREJO_05,2027-01-19,LOJA_01,PROD_09,50.05
VAREJO_05,2027-01-19,LOJA_01,PROD_10,39.87
VAREJO_05,2027-01-19,LOJA_02,PROD_01,42.18
VAREJO_05,2027-01-19,LOJA_02,PROD_02,48.91
VAREJO_05,2027-01-19,LOJA_02,PROD_03,31.05
VAREJO_05,2027-01-19,LOJA_02,PROD_04,43.24
VAREJO_05,2027-01-19,LOJA_02,PROD_05,36.08
VAREJO_05,2027-01-19,LOJA_02,PROD_06,55.01
VAREJO_05,2027-01-19,LOJA_02,PROD_07,31.47
VAREJO_05,2027-01-19,LOJA_02,PROD_08,50.57
VAREJO_05,2027-01-19,LOJA_02,PROD_09,42.36
VAREJO_05,2027-01-19,LOJA_02,PROD_10,43.07
VAREJO_05,2027-01-19,LOJA_03,PROD_01,48.81
VAREJO_05,2027-01-19,LOJA_03,PROD_02,66.23
VAREJO_05,2027-01-19,LOJA_03,PROD_03,50.84
VAREJO_05,2027-01-19,LOJA_03,PROD_04,47.19
VAREJO_05,2027-01-19,LOJA_03,PROD_05,42.21
VAREJO_05,2027-01-19,LOJA_03,PROD_06,46.53
VAREJO_05,2027-01-19,LOJA_03,PROD_07,49.79
VAREJO_05,2027-01-19,LOJA_03,PROD_08,44.38
VAREJO_05,2027-01-19,LOJA_03,PROD_09,43.46
VAREJO_05,2027-01-19,LOJA_03,PROD_10,65.63
VAREJO_05,2027-01-19,LOJA_04,PROD_01,52.64
VAREJO_05,2027-01-19,LOJA_04,PROD_02,75.09
VAREJO_05,2027-01-19,LOJA_04,PROD_03,44.83
VAREJO_05,2027-01-19,LOJA_04,PROD_04,53.08
VAREJO_05,2027-01-19,LOJA_04,PROD_05,46.41
VAREJO_05,2027-01-19,LOJA_04,PROD_06,52.5
VAREJO_05,2027-01-19,LOJA_04,PROD_07,44.38
VAREJO_05,2027-01-19,LOJA_04,PROD_08,50.86
VAREJO_05,2027-01-19,LOJA_04,PROD_09,59.36
VAREJO_05,2027-01-19,LOJA_04,PROD_10,53.09
VAREJO_05,2027-01-20,LOJA_01,PROD_01,35.28
VAREJO_05,2027-01-20,LOJA_01,PROD_02,56.27
VAREJO_05,2027-01-20,LOJA_01,PROD_03,28.51
VAREJO_05,2027-01-20,LOJA_01,PROD_04,36.98
VAREJO_05,2027-01-20,LOJA_01,PROD_05,44.08
VAREJO_05,2027-01-20,LOJA_01,PROD_06,37.09
VAREJO_05,2027-01-20,LOJA_01,PROD_07,27.84
VAREJO_05,2027-01-20,LOJA_01,PROD_08,35.74
VAREJO_05,2027-01-20,LOJA_01,PROD_09,37.55
VAREJO_05,2027-01-20,LOJA_01,PROD_10,53.29
VAREJO_05,2027-01-20,LOJA_02,PROD_01,42.75
VAREJO_05,2027-01-20,LOJA_02,PROD_02,63.24
VAREJO_05,2027-01-20,LOJA_02,PROD_03,32.08
VAREJO_05,2027-01-20,LOJA_02,PROD_04,42.56
VAREJO_05,2027-01-20,LOJA_02,PROD_05,36.93
VAREJO_05,2027-01-20,LOJA_02,PROD_06,43.87
VAREJO_05,2027-01-20,LOJA_02,PROD_07,31.09
VAREJO_05,2027-01-20,LOJA_02,PROD_08,39.03
VAREJO_05,2027-01-20,LOJA_02,PROD_09,55.04
VAREJO_05,2027-01-20,LOJA_02,PROD_10,55.86
VAREJO_05,2027-01-20,LOJA_03,PROD_01,48.53
VAREJO_05,2027-01-20,LOJA_03,PROD_02,65.29
VAREJO_05,2027-01-20,LOJA_03,PROD_03,53.08
VAREJO_05,2027-01-20,LOJA_03,PROD_04,57.5
VAREJO_05,2027-01-20,LOJA_03,PROD_05,53.98
VAREJO_05,2027-01-20,LOJA_03,PROD_06,46.61
VAREJO_05,2027-01-20,LOJA_03,PROD_07,37.5
VAREJO_05,2027-01-20,LOJA_03,PROD_08,44.71
VAREJO_05,2027-01-20,LOJA_03,PROD_09,43.09
VAREJO_05,2027-01-20,LOJA_03,PROD_10,50.82
VAREJO_05,2027-01-20,LOJA_04,PROD_01,52.9
VAREJO_05,2027-01-20,LOJA_04,PROD_02,60.14
VAREJO_05,2027-01-20,LOJA_04,PROD_03,43.9
VAREJO_05,2027-01-20,LOJA_04,PROD_04,54.01
VAREJO_05,2027-01-20,LOJA_04,PROD_05,45.96
VAREJO_05,2027-01-20,LOJA_04,PROD_06,52.69
VAREJO_05,2027-01-20,LOJA_04,PROD_07,55.57
VAREJO_05,2027-01-20,LOJA_04,PROD_08,50.75
VAREJO_05,2027-01-20,LOJA_04,PROD_09,60.06
VAREJO_05,2027-01-20,LOJA_04,PROD_10,52.69
VAREJO_05,2027-01-21,LOJA_01,PROD_01,36.48
VAREJO_05,2027-01-21,LOJA_01,PROD_02,40.49
VAREJO_05,2027-01-21,LOJA_01,PROD_03,39.64
VAREJO_05,2027-01-21,LOJA_01,PROD_04,36.62
VAREJO_05,2027-01-21,LOJA_01,PROD_05,29.93
VAREJO_05,2027-01-21,LOJA_01,PROD_06,37.14
VAREJO_05,2027-01-21,LOJA_01,PROD_07,27.4
VAREJO_05,2027-01-21,LOJA_01,PROD_08,35.66
VAREJO_05,2027-01-21,LOJA_01,PROD_09,37.82
VAREJO_05,2027-01-21,LOJA_01,PROD_10,38.05
VAREJO_05,2027-01-21,LOJA_02,PROD_01,42.77
VAREJO_05,2027-01-21,LOJA_02,PROD_02,47.69
VAREJO_05,2027-01-21,LOJA_02,PROD_03,45.09
VAREJO_05,2027-01-21,LOJA_02,PROD_04,42.66
VAREJO_05,2027-01-21,LOJA_02,PROD_05,49.59
VAREJO_05,2027-01-21,LOJA_02,PROD_06,43.57
VAREJO_05,2027-01-21,LOJA_02,PROD_07,31.23
VAREJO_05,2027-01-21,LOJA_02,PROD_08,37.93
VAREJO_05,2027-01-21,LOJA_02,PROD_09,54.67
VAREJO_05,2027-01-21,LOJA_02,PROD_10,43.47
VAREJO_05,2027-01-21,LOJA_03,PROD_01,61.42
VAREJO_05,2027-01-21,LOJA_03,PROD_02,50.53
VAREJO_05,2027-01-21,LOJA_03,PROD_03,37.44
VAREJO_05,2027-01-21,LOJA_03,PROD_04,46.4
VAREJO_05,2027-01-21,LOJA_03,PROD_05,54.18
VAREJO_05,2027-01-21,LOJA_03,PROD_06,47.14
VAREJO_05,2027-01-21,LOJA_03,PROD_07,37.88
VAREJO_05,2027-01-21,LOJA_03,PROD_08,44.65
VAREJO_05,2027-01-21,LOJA_03,PROD_09,55.5
VAREJO_05,2027-01-21,LOJA_03,PROD_10,50.98
VAREJO_05,2027-01-21,LOJA_04,PROD_01,51.94
VAREJO_05,2027-01-21,LOJA_04,PROD_02,73.52
VAREJO_05,2027-01-21,LOJA_04,PROD_03,44.05
VAREJO_05,2027-01-21,LOJA_04,PROD_04,66.07
VAREJO_05,2027-01-21,LOJA_04,PROD_05,59.49
VAREJO_05,2027-01-21,LOJA_04,PROD_06,52.81
VAREJO_05,2027-01-21,LOJA_04,PROD_07,43.6
VAREJO_05,2027-01-21,LOJA_04,PROD_08,51.0
VAREJO_05,2027-01-21,LOJA_04,PROD_09,47.05
VAREJO_05,2027-01-21,LOJA_04,PROD_10,53.04
VAREJO_05,2027-01-22,LOJA_01,PROD_01,51.38
VAREJO_05,2027-01-22,LOJA_01,PROD_02,39.15
VAREJO_05,2027-01-22,LOJA_01,PROD_03,28.91
VAREJO_05,2027-01-22,LOJA_01,PROD_04,37.16
VAREJO_05,2027-01-22,LOJA_01,PROD_05,31.75
VAREJO_05,2027-01-22,LOJA_01,PROD_06,36.91
VAREJO_05,2027-01-22,LOJA_01,PROD_07,26.95
VAREJO_05,2027-01-22,LOJA_01,PROD_08,35.22
VAREJO_05,2027-01-22,LOJA_01,PROD_09,38.09
VAREJO_05,2027-01-22,LOJA_01,PROD_10,39.69
VAREJO_05,2027-01-22,LOJA_02,PROD_01,42.31
VAREJO_05,2027-01-22,LOJA_02,PROD_02,62.9
VAREJO_05,2027-01-22,LOJA_02,PROD_03,44.41
VAREJO_05,2027-01-22,LOJA_02,PROD_04,42.52
VAREJO_05,2027-01-22,LOJA_02,PROD_05,35.4
VAREJO_05,2027-01-22,LOJA_02,PROD_06,43.68
VAREJO_05,2027-01-22,LOJA_02,PROD_07,43.71
VAREJO_05,2027-01-22,LOJA_02,PROD_08,38.0
VAREJO_05,2027-01-22,LOJA_02,PROD_09,41.69
VAREJO_05,2027-01-22,LOJA_02,PROD_10,43.67
VAREJO_05,2027-01-22,LOJA_03,PROD_01,48.3
VAREJO_05,2027-01-22,LOJA_03,PROD_02,66.43
VAREJO_05,2027-01-22,LOJA_03,PROD_03,37.62
VAREJO_05,2027-01-22,LOJA_03,PROD_04,46.55
VAREJO_05,2027-01-22,LOJA_03,PROD_05,41.68
VAREJO_05,2027-01-22,LOJA_03,PROD_06,46.52
VAREJO_05,2027-01-22,LOJA_03,PROD_07,51.18
VAREJO_05,2027-01-22,LOJA_03,PROD_08,44.46
VAREJO_05,2027-01-22,LOJA_03,PROD_09,43.35
VAREJO_05,2027-01-22,LOJA_03,PROD_10,50.04
VAREJO_05,2027-01-22,LOJA_04,PROD_01,67.7
VAREJO_05,2027-01-22,LOJA_04,PROD_02,57.82
VAREJO_05,2027-01-22,LOJA_04,PROD_03,55.04
VAREJO_05,2027-01-22,LOJA_04,PROD_04,54.72
VAREJO_05,2027-01-22,LOJA_04,PROD_05,46.27
VAREJO_05,2027-01-22,LOJA_04,PROD_06,69.47
VAREJO_05,2027-01-22,LOJA_04,PROD_07,43.58
VAREJO_05,2027-01-22,LOJA_04,PROD_08,49.68
VAREJO_05,2027-01-22,LOJA_04,PROD_09,46.66
VAREJO_05,2027-01-22,LOJA_04,PROD_10,52.69
VAREJO_05,2027-01-23,LOJA_01,PROD_01,41.28
VAREJO_05,2027-01-23,LOJA_01,PROD_02,59.33
VAREJO_05,2027-01-23,LOJA_01,PROD_03,31.01
VAREJO_05,2027-01-23,LOJA_01,PROD_04,40.69
VAREJO_05,2027-01-23,LOJA_01,PROD_05,35.66
VAREJO_05,2027-01-23,LOJA_01,PROD_06,40.39
VAREJO_05,2027-01-23,LOJA_01,PROD_07,29.47
VAREJO_05,2027-01-23,LOJA_01,PROD_08,54.83
VAREJO_05,2027-01-23,LOJA_01,PROD_09,40.99
VAREJO_05,2027-01-23,LOJA_01,PROD_10,44.07
VAREJO_05,2027-01-23,LOJA_02,PROD_01,46.15
VAREJO_05,2027-01-23,LOJA_02,PROD_02,52.89
VAREJO_05,2027-01-23,LOJA_02,PROD_03,37.56
VAREJO_05,2027-01-23,LOJA_02,PROD_04,44.0
VAREJO_05,2027-01-23,LOJA_02,PROD_05,40.71
VAREJO_05,2027-01-23,LOJA_02,PROD_06,48.42
VAREJO_05,2027-01-23,LOJA_02,PROD_07,36.86
VAREJO_05,2027-01-23,LOJA_02,PROD_08,55.81
VAREJO_05,2027-01-23,LOJA_02,PROD_09,60.05
VAREJO_05,2027-01-23,LOJA_02,PROD_10,49.35
VAREJO_05,2027-01-23,LOJA_03,PROD_01,51.83
VAREJO_05,2027-01-23,LOJA_03,PROD_02,56.72
VAREJO_05,2027-01-23,LOJA_03,PROD_03,42.84
VAREJO_05,2027-01-23,LOJA_03,PROD_04,49.14
VAREJO_05,2027-01-23,LOJA_03,PROD_05,58.08
VAREJO_05,2027-01-23,LOJA_03,PROD_06,52.59
VAREJO_05,2027-01-23,LOJA_03,PROD_07,43.13
VAREJO_05,2027-01-23,LOJA_03,PROD_08,50.36
VAREJO_05,2027-01-23,LOJA_03,PROD_09,48.67
VAREJO_05,2027-01-23,LOJA_03,PROD_10,56.65
VAREJO_05,2027-01-23,LOJA_04,PROD_01,59.51
VAREJO_05,2027-01-23,LOJA_04,PROD_02,61.82
VAREJO_05,2027-01-23,LOJA_04,PROD_03,45.97
VAREJO_05,2027-01-23,LOJA_04,PROD_04,57.89
VAREJO_05,2027-01-23,LOJA_04,PROD_05,49.29
VAREJO_05,2027-01-23,LOJA_04,PROD_06,58.72
VAREJO_05,2027-01-23,LOJA_04,PROD_07,44.88
VAREJO_05,2027-01-23,LOJA_04,PROD_08,56.04
VAREJO_05,2027-01-23,LOJA_04,PROD_09,52.67
VAREJO_05,2027-01-23,LOJA_04,PROD_10,59.13
VAREJO_05,2027-01-24,LOJA_01,PROD_01,40.62
VAREJO_05,2027-01-24,LOJA_01,PROD_02,45.24
VAREJO_05,2027-01-24,LOJA_01,PROD_03,31.71
VAREJO_05,2027-01-24,LOJA_01,PROD_04,39.81
VAREJO_05,2027-01-24,LOJA_01,PROD_05,48.91
VAREJO_05,2027-01-24,LOJA_01,PROD_06,55.36
VAREJO_05,2027-01-24,LOJA_01,PROD_07,29.59
VAREJO_05,2027-01-24,LOJA_01,PROD_08,38.95
VAREJO_05,2027-01-24,LOJA_01,PROD_09,43.09
VAREJO_05,2027-01-24,LOJA_01,PROD_10,43.5
VAREJO_05,2027-01-24,LOJA_02,PROD_01,61.45
VAREJO_05,2027-01-24,LOJA_02,PROD_02,51.07
VAREJO_05,2027-01-24,LOJA_02,PROD_03,37.49
VAREJO_05,2027-01-24,LOJA_02,PROD_04,44.7
VAREJO_05,2027-01-24,LOJA_02,PROD_05,40.48
VAREJO_05,2027-01-24,LOJA_02,PROD_06,62.65
VAREJO_05,2027-01-24,LOJA_02,PROD_07,36.86
VAREJO_05,2027-01-24,LOJA_02,PROD_08,42.32
VAREJO_05,2027-01-24,LOJA_02,PROD_09,59.19
VAREJO_05,2027-01-24,LOJA_02,PROD_10,61.17
VAREJO_05,2027-01-24,LOJA_03,PROD_01,65.57
VAREJO_05,2027-01-24,LOJA_03,PROD_02,56.28
VAREJO_05,2027-01-24,LOJA_03,PROD_03,43.1
VAREJO_05,2027-01-24,LOJA_03,PROD_04,64.73
VAREJO_05,2027-01-24,LOJA_03,PROD_05,46.87
VAREJO_05,2027-01-24,LOJA_03,PROD_06,50.46
VAREJO_05,2027-01-24,LOJA_03,PROD_07,43.34
VAREJO_05,2027-01-24,LOJA_03,PROD_08,66.19
VAREJO_05,2027-01-24,LOJA_03,PROD_09,64.04
VAREJO_05,2027-01-24,LOJA_03,PROD_10,56.55
VAREJO_05,2027-01-24,LOJA_04,PROD_01,59.57
VAREJO_05,2027-01-24,LOJA_04,PROD_02,75.96
VAREJO_05,2027-01-24,LOJA_04,PROD_03,44.12
VAREJO_05,2027-01-24,LOJA_04,PROD_04,56.94
VAREJO_05,2027-01-24,LOJA_04,PROD_05,50.69
VAREJO_05,2027-01-24,LOJA_04,PROD_06,58.83
VAREJO_05,2027-01-24,LOJA_04,PROD_07,44.72
VAREJO_05,2027-01-24,LOJA_04,PROD_08,55.67
VAREJO_05,2027-01-24,LOJA_04,PROD_09,52.38
VAREJO_05,2027-01-24,LOJA_04,PROD_10,59.42
VAREJO_05,2027-01-25,LOJA_01,PROD_01,48.73
VAREJO_05,2027-01-25,LOJA_01,PROD_02,39.25
VAREJO_05,2027-01-25,LOJA_01,PROD_03,40.63
VAREJO_05,2027-01-25,LOJA_01,PROD_04,36.86
VAREJO_05,2027-01-25,LOJA_01,PROD_05,44.06
VAREJO_05,2027-01-25,LOJA_01,PROD_06,37.47
VAREJO_05,2027-01-25,LOJA_01,PROD_07,41.05
VAREJO_05,2027-01-25,LOJA_01,PROD_08,35.42
VAREJO_05,2027-01-25,LOJA_01,PROD_09,38.28
VAREJO_05,2027-01-25,LOJA_01,PROD_10,53.82
VAREJO_05,2027-01-25,LOJA_02,PROD_01,42.4
VAREJO_05,2027-01-25,LOJA_02,PROD_02,48.17
VAREJO_05,2027-01-25,LOJA_02,PROD_03,45.32
VAREJO_05,2027-01-25,LOJA_02,PROD_04,43.28
VAREJO_05,2027-01-25,LOJA_02,PROD_05,52.77
VAREJO_05,2027-01-25,LOJA_02,PROD_06,44.1
VAREJO_05,2027-01-25,LOJA_02,PROD_07,31.85
VAREJO_05,2027-01-25,LOJA_02,PROD_08,38.3
VAREJO_05,2027-01-25,LOJA_02,PROD_09,41.8
VAREJO_05,2027-01-25,LOJA_02,PROD_10,43.27
VAREJO_05,2027-01-25,LOJA_03,PROD_01,48.1
VAREJO_05,2027-01-25,LOJA_03,PROD_02,65.29
VAREJO_05,2027-01-25,LOJA_03,PROD_03,37.29
VAREJO_05,2027-01-25,LOJA_03,PROD_04,45.26
VAREJO_05,2027-01-25,LOJA_03,PROD_05,54.18
VAREJO_05,2027-01-25,LOJA_03,PROD_06,46.45
VAREJO_05,2027-01-25,LOJA_03,PROD_07,37.51
VAREJO_05,2027-01-25,LOJA_03,PROD_08,57.58
VAREJO_05,2027-01-25,LOJA_03,PROD_09,43.69
VAREJO_05,2027-01-25,LOJA_03,PROD_10,50.91
VAREJO_05,2027-01-25,LOJA_04,PROD_01,52.45
VAREJO_05,2027-01-25,LOJA_04,PROD_02,57.48
VAREJO_05,2027-01-25,LOJA_04,PROD_03,44.8
VAREJO_05,2027-01-25,LOJA_04,PROD_04,52.73
VAREJO_05,2027-01-25,LOJA_04,PROD_05,45.81
VAREJO_05,2027-01-25,LOJA_04,PROD_06,52.58
VAREJO_05,2027-01-25,LOJA_04,PROD_07,55.85
VAREJO_05,2027-01-25,LOJA_04,PROD_08,64.89
VAREJO_05,2027-01-25,LOJA_04,PROD_09,59.38
VAREJO_05,2027-01-25,LOJA_04,PROD_10,52.64
VAREJO_05,2027-01-26,LOJA_01,PROD_01,36.28
VAREJO_05,2027-01-26,LOJA_01,PROD_02,38.47
VAREJO_05,2027-01-26,LOJA_01,PROD_03,27.11
VAREJO_05,2027-01-26,LOJA_01,PROD_04,36.15
VAREJO_05,2027-01-26,LOJA_01,PROD_05,30.75
VAREJO_05,2027-01-26,LOJA_01,PROD_06,36.96
VAREJO_05,2027-01-26,LOJA_01,PROD_07,27.05
VAREJO_05,2027-01-26,LOJA_01,PROD_08,35.73
VAREJO_05,2027-01-26,LOJA_01,PROD_09,37.29
VAREJO_05,2027-01-26,LOJA_01,PROD_10,38.35
VAREJO_05,2027-01-26,LOJA_02,PROD_01,42.21
VAREJO_05,2027-01-26,LOJA_02,PROD_02,48.25
VAREJO_05,2027-01-26,LOJA_02,PROD_03,31.47
VAREJO_05,2027-01-26,LOJA_02,PROD_04,43.19
VAREJO_05,2027-01-26,LOJA_02,PROD_05,35.15
VAREJO_05,2027-01-26,LOJA_02,PROD_06,43.57
VAREJO_05,2027-01-26,LOJA_02,PROD_07,32.0
VAREJO_05,2027-01-26,LOJA_02,PROD_08,38.07
VAREJO_05,2027-01-26,LOJA_02,PROD_09,42.22
VAREJO_05,2027-01-26,LOJA_02,PROD_10,42.94
VAREJO_05,2027-01-26,LOJA_03,PROD_01,48.64
VAREJO_05,2027-01-26,LOJA_03,PROD_02,65.5
VAREJO_05,2027-01-26,LOJA_03,PROD_03,48.84
VAREJO_05,2027-01-26,LOJA_03,PROD_04,46.33
VAREJO_05,2027-01-26,LOJA_03,PROD_05,53.81
VAREJO_05,2027-01-26,LOJA_03,PROD_06,46.59
VAREJO_05,2027-01-26,LOJA_03,PROD_07,37.94
VAREJO_05,2027-01-26,LOJA_03,PROD_08,43.7
VAREJO_05,2027-01-26,LOJA_03,PROD_09,42.99
VAREJO_05,2027-01-26,LOJA_03,PROD_10,65.04
VAREJO_05,2027-01-26,LOJA_04,PROD_01,52.64
VAREJO_05,2027-01-26,LOJA_04,PROD_02,57.49
VAREJO_05,2027-01-26,LOJA_04,PROD_03,44.59
VAREJO_05,2027-01-26,LOJA_04,PROD_04,66.51
VAREJO_05,2027-01-26,LOJA_04,PROD_05,46.14
VAREJO_05,2027-01-26,LOJA_04,PROD_06,52.64
VAREJO_05,2027-01-26,LOJA_04,PROD_07,44.32
VAREJO_05,2027-01-26,LOJA_04,PROD_08,50.07
VAREJO_05,2027-01-26,LOJA_04,PROD_09,46.77
VAREJO_05,2027-01-26,LOJA_04,PROD_10,52.82
VAREJO_05,2027-01-27,LOJA_01,PROD_01,35.93
VAREJO_05,2027-01-27,LOJA_01,PROD_02,56.34
VAREJO_05,2027-01-27,LOJA_01,PROD_03,27.36
VAREJO_05,2027-01-27,LOJA_01,PROD_04,36.33
VAREJO_05,2027-01-27,LOJA_01,PROD_05,30.99
VAREJO_05,2027-01-27,LOJA_01,PROD_06,37.1
VAREJO_05,2027-01-27,LOJA_01,PROD_07,27.9
VAREJO_05,2027-01-27,LOJA_01,PROD_08,35.3
VAREJO_05,2027-01-27,LOJA_01,PROD_09,38.16
VAREJO_05,2027-01-27,LOJA_01,PROD_10,39.84
VAREJO_05,2027-01-27,LOJA_02,PROD_01,42.22
VAREJO_05,2027-01-27,LOJA_02,PROD_02,48.22
VAREJO_05,2027-01-27,LOJA_02,PROD_03,31.19
VAREJO_05,2027-01-27,LOJA_02,PROD_04,43.14
VAREJO_05,2027-01-27,LOJA_02,PROD_05,35.9
VAREJO_05,2027-01-27,LOJA_02,PROD_06,56.15
VAREJO_05,2027-01-27,LOJA_02,PROD_07,31.04
VAREJO_05,2027-01-27,LOJA_02,PROD_08,38.24
VAREJO_05,2027-01-27,LOJA_02,PROD_09,41.24
VAREJO_05,2027-01-27,LOJA_02,PROD_10,43.05
VAREJO_05,2027-01-27,LOJA_03,PROD_01,47.7
VAREJO_05,2027-01-27,LOJA_03,PROD_02,50.58
VAREJO_05,2027-01-27,LOJA_03,PROD_03,37.55
VAREJO_05,2027-01-27,LOJA_03,PROD_04,57.5
VAREJO_05,2027-01-27,LOJA_03,PROD_05,41.68
VAREJO_05,2027-01-27,LOJA_03,PROD_06,60.06
VAREJO_05,2027-01-27,LOJA_03,PROD_07,51.76
VAREJO_05,2027-01-27,LOJA_03,PROD_08,45.58
VAREJO_05,2027-01-27,LOJA_03,PROD_09,55.01
VAREJO_05,2027-01-27,LOJA_03,PROD_10,50.71
VAREJO_05,2027-01-27,LOJA_04,PROD_01,65.96
VAREJO_05,2027-01-27,LOJA_04,PROD_02,58.13
VAREJO_05,2027-01-27,LOJA_04,PROD_03,44.39
VAREJO_05,2027-01-27,LOJA_04,PROD_04,52.62
VAREJO_05,2027-01-27,LOJA_04,PROD_05,46.08
VAREJO_05,2027-01-27,LOJA_04,PROD_06,67.98
VAREJO_05,2027-01-27,LOJA_04,PROD_07,43.62
VAREJO_05,2027-01-27,LOJA_04,PROD_08,50.01
VAREJO_05,2027-01-27,LOJA_04,PROD_09,58.87
VAREJO_05,2027-01-27,LOJA_04,PROD_10,68.85
VAREJO_05,2027-01-28,LOJA_01,PROD_01,36.87
VAREJO_05,2027-01-28,LOJA_01,PROD_02,40.22
VAREJO_05,2027-01-28,LOJA_01,PROD_03,27.17
VAREJO_05,2027-01-28,LOJA_01,PROD_04,36.38
VAREJO_05,2027-01-28,LOJA_01,PROD_05,43.63
VAREJO_05,2027-01-28,LOJA_01,PROD_06,37.24
VAREJO_05,2027-01-28,LOJA_01,PROD_07,26.44
VAREJO_05,2027-01-28,LOJA_01,PROD_08,35.44
VAREJO_05,2027-01-28,LOJA_01,PROD_09,37.96
VAREJO_05,2027-01-28,LOJA_01,PROD_10,39.46
VAREJO_05,2027-01-28,LOJA_02,PROD_01,42.38
VAREJO_05,2027-01-28,LOJA_02,PROD_02,62.81
VAREJO_05,2027-01-28,LOJA_02,PROD_03,31.13
VAREJO_05,2027-01-28,LOJA_02,PROD_04,42.49
VAREJO_05,2027-01-28,LOJA_02,PROD_05,35.84
VAREJO_05,2027-01-28,LOJA_02,PROD_06,43.75
VAREJO_05,2027-01-28,LOJA_02,PROD_07,43.27
VAREJO_05,2027-01-28,LOJA_02,PROD_08,37.71
VAREJO_05,2027-01-28,LOJA_02,PROD_09,54.37
VAREJO_05,2027-01-28,LOJA_02,PROD_10,42.88
VAREJO_05,2027-01-28,LOJA_03,PROD_01,47.51
VAREJO_05,2027-01-28,LOJA_03,PROD_02,66.4
VAREJO_05,2027-01-28,LOJA_03,PROD_03,37.59
VAREJO_05,2027-01-28,LOJA_03,PROD_04,57.1
VAREJO_05,2027-01-28,LOJA_03,PROD_05,41.19
VAREJO_05,2027-01-28,LOJA_03,PROD_06,46.37
VAREJO_05,2027-01-28,LOJA_03,PROD_07,37.27
VAREJO_05,2027-01-28,LOJA_03,PROD_08,58.13
VAREJO_05,2027-01-28,LOJA_03,PROD_09,43.97
VAREJO_05,2027-01-28,LOJA_03,PROD_10,50.78
VAREJO_05,2027-01-28,LOJA_04,PROD_01,66.92
VAREJO_05,2027-01-28,LOJA_04,PROD_02,57.3
VAREJO_05,2027-01-28,LOJA_04,PROD_03,43.85
VAREJO_05,2027-01-28,LOJA_04,PROD_04,52.56
VAREJO_05,2027-01-28,LOJA_04,PROD_05,46.44
VAREJO_05,2027-01-28,LOJA_04,PROD_06,67.82
VAREJO_05,2027-01-28,LOJA_04,PROD_07,55.33
VAREJO_05,2027-01-28,LOJA_04,PROD_08,64.0
VAREJO_05,2027-01-28,LOJA_04,PROD_09,59.4
VAREJO_05,2027-01-28,LOJA_04,PROD_10,67.63
VAREJO_05,2027-01-29,LOJA_01,PROD_01,35.8
VAREJO_05,2027-01-29,LOJA_01,PROD_02,41.81
VAREJO_05,2027-01-29,LOJA_01,PROD_03,27.87
VAREJO_05,2027-01-29,LOJA_01,PROD_04,36.14
VAREJO_05,2027-01-29,LOJA_01,PROD_05,43.18
VAREJO_05,2027-01-29,LOJA_01,PROD_06,37.32
VAREJO_05,2027-01-29,LOJA_01,PROD_07,27.67
VAREJO_05,2027-01-29,LOJA_01,PROD_08,35.74
VAREJO_05,2027-01-29,LOJA_01,PROD_09,50.79
VAREJO_05,2027-01-29,LOJA_01,PROD_10,52.81
VAREJO_05,2027-01-29,LOJA_02,PROD_01,42.51
VAREJO_05,2027-01-29,LOJA_02,PROD_02,48.14
VAREJO_05,2027-01-29,LOJA_02,PROD_03,44.57
VAREJO_05,2027-01-29,LOJA_02,PROD_04,42.47
VAREJO_05,2027-01-29,LOJA_02,PROD_05,49.49
VAREJO_05,2027-01-29,LOJA_02,PROD_06,43.62
VAREJO_05,2027-01-29,LOJA_02,PROD_07,43.33
VAREJO_05,2027-01-29,LOJA_02,PROD_08,38.01
VAREJO_05,2027-01-29,LOJA_02,PROD_09,41.95
VAREJO_05,2027-01-29,LOJA_02,PROD_10,43.65
VAREJO_05,2027-01-29,LOJA_03,PROD_01,48.04
VAREJO_05,2027-01-29,LOJA_03,PROD_02,50.83
VAREJO_05,2027-01-29,LOJA_03,PROD_03,37.45
VAREJO_05,2027-01-29,LOJA_03,PROD_04,45.76
VAREJO_05,2027-01-29,LOJA_03,PROD_05,41.8
VAREJO_05,2027-01-29,LOJA_03,PROD_06,46.32
VAREJO_05,2027-01-29,LOJA_03,PROD_07,37.4
VAREJO_05,2027-01-29,LOJA_03,PROD_08,58.24
VAREJO_05,2027-01-29,LOJA_03,PROD_09,43.11
VAREJO_05,2027-01-29,LOJA_03,PROD_10,50.9
VAREJO_05,2027-01-29,LOJA_04,PROD_01,53.42
VAREJO_05,2027-01-29,LOJA_04,PROD_02,57.68
VAREJO_05,2027-01-29,LOJA_04,PROD_03,43.9
VAREJO_05,2027-01-29,LOJA_04,PROD_04,67.33
VAREJO_05,2027-01-29,LOJA_04,PROD_05,45.59
VAREJO_05,2027-01-29,LOJA_04,PROD_06,52.87
VAREJO_05,2027-01-29,LOJA_04,PROD_07,43.55
VAREJO_05,2027-01-29,LOJA_04,PROD_08,49.71
VAREJO_05,2027-01-29,LOJA_04,PROD_09,46.89
VAREJO_05,2027-01-29,LOJA_04,PROD_10,52.81
VAREJO_05,2027-01-30,LOJA_01,PROD_01,53.31
VAREJO_05,2027-01-30,LOJA_01,PROD_02,44.58
VAREJO_05,2027-01-30,LOJA_01,PROD_03,33.05
VAREJO_05,2027-01-30,LOJA_01,PROD_04,52.25
VAREJO_05,2027-01-30,LOJA_01,PROD_05,35.62
VAREJO_05,2027-01-30,LOJA_01,PROD_06,40.73
VAREJO_05,2027-01-30,LOJA_01,PROD_07,29.79
VAREJO_05,2027-01-30,LOJA_01,PROD_08,54.54
VAREJO_05,2027-01-30,LOJA_01,PROD_09,42.43
VAREJO_05,2027-01-30,LOJA_01,PROD_10,43.06
VAREJO_05,2027-01-30,LOJA_02,PROD_01,44.49
VAREJO_05,2027-01-30,LOJA_02,PROD_02,52.79
VAREJO_05,2027-01-30,LOJA_02,PROD_03,37.52
VAREJO_05,2027-01-30,LOJA_02,PROD_04,46.31
VAREJO_05,2027-01-30,LOJA_02,PROD_05,40.85
VAREJO_05,2027-01-30,LOJA_02,PROD_06,49.7
VAREJO_05,2027-01-30,LOJA_02,PROD_07,37.11
VAREJO_05,2027-01-30,LOJA_02,PROD_08,42.79
VAREJO_05,2027-01-30,LOJA_02,PROD_09,46.08
VAREJO_05,2027-01-30,LOJA_02,PROD_10,48.76
VAREJO_05,2027-01-30,LOJA_03,PROD_01,52.26
VAREJO_05,2027-01-30,LOJA_03,PROD_02,69.78
VAREJO_05,2027-01-30,LOJA_03,PROD_03,43.2
VAREJO_05,2027-01-30,LOJA_03,PROD_04,50.14
VAREJO_05,2027-01-30,LOJA_03,PROD_05,46.44
VAREJO_05,2027-01-30,LOJA_03,PROD_06,51.35
VAREJO_05,2027-01-30,LOJA_03,PROD_07,43.73
VAREJO_05,2027-01-30,LOJA_03,PROD_08,49.14
VAREJO_05,2027-01-30,LOJA_03,PROD_09,49.48
VAREJO_05,2027-01-30,LOJA_03,PROD_10,56.69
VAREJO_05,2027-01-30,LOJA_04,PROD_01,59.64
VAREJO_05,2027-01-30,LOJA_04,PROD_02,76.56
VAREJO_05,2027-01-30,LOJA_04,PROD_03,59.47
VAREJO_05,2027-01-30,LOJA_04,PROD_04,58.5
VAREJO_05,2027-01-30,LOJA_04,PROD_05,49.15
VAREJO_05,2027-01-30,LOJA_04,PROD_06,58.94
VAREJO_05,2027-01-30,LOJA_04,PROD_07,57.18
VAREJO_05,2027-01-30,LOJA_04,PROD_08,67.8
VAREJO_05,2027-01-30,LOJA_04,PROD_09,63.28
VAREJO_05,2027-01-30,LOJA_04,PROD_10,59.78
VAREJO_05,2027-01-31,LOJA_01,PROD_01,41.54
VAREJO_05,2027-01-31,LOJA_01,PROD_02,44.94
VAREJO_05,2027-01-31,LOJA_01,PROD_03,45.63
VAREJO_05,2027-01-31,LOJA_01,PROD_04,40.74
VAREJO_05,2027-01-31,LOJA_01,PROD_05,33.86
VAREJO_05,2027-01-31,LOJA_01,PROD_06,40.82
VAREJO_05,2027-01-31,LOJA_01,PROD_07,29.67
VAREJO_05,2027-01-31,LOJA_01,PROD_08,41.17
VAREJO_05,2027-01-31,LOJA_01,PROD_09,42.8
VAREJO_05,2027-01-31,LOJA_01,PROD_10,44.73
VAREJO_05,2027-01-31,LOJA_02,PROD_01,45.44
VAREJO_05,2027-01-31,LOJA_02,PROD_02,52.67
VAREJO_05,2027-01-31,LOJA_02,PROD_03,37.47
VAREJO_05,2027-01-31,LOJA_02,PROD_04,58.85
VAREJO_05,2027-01-31,LOJA_02,PROD_05,42.23
VAREJO_05,2027-01-31,LOJA_02,PROD_06,48.74
VAREJO_05,2027-01-31,LOJA_02,PROD_07,36.8
VAREJO_05,2027-01-31,LOJA_02,PROD_08,41.74
VAREJO_05,2027-01-31,LOJA_02,PROD_09,47.11
VAREJO_05,2027-01-31,LOJA_02,PROD_10,48.23
VAREJO_05,2027-01-31,LOJA_03,PROD_01,52.97
VAREJO_05,2027-01-31,LOJA_03,PROD_02,56.63
VAREJO_05,2027-01-31,LOJA_03,PROD_03,52.92
VAREJO_05,2027-01-31,LOJA_03,PROD_04,50.44
VAREJO_05,2027-01-31,LOJA_03,PROD_05,45.75
VAREJO_05,2027-01-31,LOJA_03,PROD_06,50.57
VAREJO_05,2027-01-31,LOJA_03,PROD_07,57.69
VAREJO_05,2027-01-31,LOJA_03,PROD_08,48.69
VAREJO_05,2027-01-31,LOJA_03,PROD_09,49.23
VAREJO_05,2027-01-31,LOJA_03,PROD_10,56.22
VAREJO_05,2027-01-31,LOJA_04,PROD_01,59.83
VAREJO_05,2027-01-31,LOJA_04,PROD_02,62.99
VAREJO_05,2027-01-31,LOJA_04,PROD_03,45.39
VAREJO_05,2027-01-31,LOJA_04,PROD_04,58.18
VAREJO_05,2027-01-31,LOJA_04,PROD_05,50.98
VAREJO_05,2027-01-31,LOJA_04,PROD_06,70.61
VAREJO_05,2027-01-31,LOJA_04,PROD_07,57.68
VAREJO_05,2027-01-31,LOJA_04,PROD_08,56.89
VAREJO_05,2027-01-31,LOJA_04,PROD_09,52.42
VAREJO_05,2027-01-31,LOJA_04,PROD_10,57.47
